﻿{"data":[{"Properties":{"domain":"SVCORP.COM","name":"WMIGPO@SVCORP.COM","distinguishedname":"CN=WMIGPO,CN=WMIPOLICY,CN=SYSTEM,DC=SVCORP,DC=COM","domainsid":"S-1-5-21-466546139-763938477-1796994327","highvalue":false},"ChildObjects":[],"Aces":[{"PrincipalSID":"S-1-5-21-466546139-763938477-1796994327-512","PrincipalType":"Group","RightName":"Owns","IsInherited":false},{"PrincipalSID":"S-1-5-21-466546139-763938477-1796994327-512","PrincipalType":"Group","RightName":"WriteDacl","IsInherited":false},{"PrincipalSID":"S-1-5-21-466546139-763938477-1796994327-512","PrincipalType":"Group","RightName":"WriteOwner","IsInherited":false},{"PrincipalSID":"S-1-5-21-466546139-763938477-1796994327-519","PrincipalType":"Group","RightName":"GenericAll","IsInherited":true},{"PrincipalSID":"S-1-5-21-466546139-763938477-1796994327-512","PrincipalType":"Group","RightName":"GenericAll","IsInherited":true}],"ObjectIdentifier":"4FA75314-A9B5-453D-A8BC-7A87240C380F","IsDeleted":false,"IsACLProtected":false},{"Properties":{"domain":"SVCORP.COM","name":"POLICYTYPE@SVCORP.COM","distinguishedname":"CN=POLICYTYPE,CN=WMIPOLICY,CN=SYSTEM,DC=SVCORP,DC=COM","domainsid":"S-1-5-21-466546139-763938477-1796994327","highvalue":false},"ChildObjects":[],"Aces":[{"PrincipalSID":"S-1-5-21-466546139-763938477-1796994327-512","PrincipalType":"Group","RightName":"Owns","IsInherited":false},{"PrincipalSID":"S-1-5-21-466546139-763938477-1796994327-512","PrincipalType":"Group","RightName":"WriteDacl","IsInherited":false},{"PrincipalSID":"S-1-5-21-466546139-763938477-1796994327-512","PrincipalType":"Group","RightName":"WriteOwner","IsInherited":false},{"PrincipalSID":"S-1-5-21-466546139-763938477-1796994327-519","PrincipalType":"Group","RightName":"GenericAll","IsInherited":true},{"PrincipalSID":"S-1-5-21-466546139-763938477-1796994327-512","PrincipalType":"Group","RightName":"GenericAll","IsInherited":true}],"ObjectIdentifier":"B8182EB1-3E9C-416A-936E-9381BD3F0433","IsDeleted":false,"IsACLProtected":false},{"Properties":{"domain":"SVCORP.COM","name":"SOM@SVCORP.COM","distinguishedname":"CN=SOM,CN=WMIPOLICY,CN=SYSTEM,DC=SVCORP,DC=COM","domainsid":"S-1-5-21-466546139-763938477-1796994327","highvalue":false},"ChildObjects":[],"Aces":[{"PrincipalSID":"S-1-5-21-466546139-763938477-1796994327-512","PrincipalType":"Group","RightName":"Owns","IsInherited":false},{"PrincipalSID":"S-1-5-21-466546139-763938477-1796994327-512","PrincipalType":"Group","RightName":"GenericAll","IsInherited":false},{"PrincipalSID":"S-1-5-21-466546139-763938477-1796994327-519","PrincipalType":"Group","RightName":"GenericAll","IsInherited":false}],"ObjectIdentifier":"548D5B3A-2401-416F-A138-B6E516680D3C","IsDeleted":false,"IsACLProtected":true},{"Properties":{"domain":"SVCORP.COM","name":"POLICYTEMPLATE@SVCORP.COM","distinguishedname":"CN=POLICYTEMPLATE,CN=WMIPOLICY,CN=SYSTEM,DC=SVCORP,DC=COM","domainsid":"S-1-5-21-466546139-763938477-1796994327","highvalue":false},"ChildObjects":[],"Aces":[{"PrincipalSID":"S-1-5-21-466546139-763938477-1796994327-512","PrincipalType":"Group","RightName":"Owns","IsInherited":false},{"PrincipalSID":"S-1-5-21-466546139-763938477-1796994327-512","PrincipalType":"Group","RightName":"WriteDacl","IsInherited":false},{"PrincipalSID":"S-1-5-21-466546139-763938477-1796994327-512","PrincipalType":"Group","RightName":"WriteOwner","IsInherited":false},{"PrincipalSID":"S-1-5-21-466546139-763938477-1796994327-519","PrincipalType":"Group","RightName":"GenericAll","IsInherited":true},{"PrincipalSID":"S-1-5-21-466546139-763938477-1796994327-512","PrincipalType":"Group","RightName":"GenericAll","IsInherited":true}],"ObjectIdentifier":"5F57DEDC-949A-4F34-8298-B1572AAC2728","IsDeleted":false,"IsACLProtected":false},{"Properties":{"domain":"SVCORP.COM","name":"WMIPOLICY@SVCORP.COM","distinguishedname":"CN=WMIPOLICY,CN=SYSTEM,DC=SVCORP,DC=COM","domainsid":"S-1-5-21-466546139-763938477-1796994327","highvalue":false},"ChildObjects":[],"Aces":[{"PrincipalSID":"S-1-5-21-466546139-763938477-1796994327-512","PrincipalType":"Group","RightName":"Owns","IsInherited":false},{"PrincipalSID":"S-1-5-21-466546139-763938477-1796994327-512","PrincipalType":"Group","RightName":"GenericAll","IsInherited":false},{"PrincipalSID":"S-1-5-21-466546139-763938477-1796994327-519","PrincipalType":"Group","RightName":"GenericAll","IsInherited":false}],"ObjectIdentifier":"95C2ECA3-7C1B-4294-A19C-5E172B278DAC","IsDeleted":false,"IsACLProtected":true},{"Properties":{"domain":"SVCORP.COM","name":"SYSTEM@SVCORP.COM","distinguishedname":"CN=SYSTEM,DC=SVCORP,DC=COM","domainsid":"S-1-5-21-466546139-763938477-1796994327","highvalue":false},"ChildObjects":[],"Aces":[{"PrincipalSID":"S-1-5-21-466546139-763938477-1796994327-512","PrincipalType":"Group","RightName":"Owns","IsInherited":false},{"PrincipalSID":"S-1-5-21-466546139-763938477-1796994327-512","PrincipalType":"Group","RightName":"WriteDacl","IsInherited":false},{"PrincipalSID":"S-1-5-21-466546139-763938477-1796994327-512","PrincipalType":"Group","RightName":"WriteOwner","IsInherited":false},{"PrincipalSID":"S-1-5-21-466546139-763938477-1796994327-519","PrincipalType":"Group","RightName":"GenericAll","IsInherited":true},{"PrincipalSID":"SVCORP.COM-S-1-5-32-544","PrincipalType":"Group","RightName":"WriteDacl","IsInherited":true},{"PrincipalSID":"SVCORP.COM-S-1-5-32-544","PrincipalType":"Group","RightName":"WriteOwner","IsInherited":true}],"ObjectIdentifier":"D516EBA8-A70A-47E5-96C1-5A678185F5FD","IsDeleted":false,"IsACLProtected":false},{"Properties":{"domain":"SVCORP.COM","name":"FOREIGNSECURITYPRINCIPALS@SVCORP.COM","distinguishedname":"CN=FOREIGNSECURITYPRINCIPALS,DC=SVCORP,DC=COM","domainsid":"S-1-5-21-466546139-763938477-1796994327","highvalue":false},"ChildObjects":[],"Aces":[{"PrincipalSID":"S-1-5-21-466546139-763938477-1796994327-512","PrincipalType":"Group","RightName":"Owns","IsInherited":false},{"PrincipalSID":"S-1-5-21-466546139-763938477-1796994327-512","PrincipalType":"Group","RightName":"GenericAll","IsInherited":false},{"PrincipalSID":"S-1-5-21-466546139-763938477-1796994327-519","PrincipalType":"Group","RightName":"GenericAll","IsInherited":true},{"PrincipalSID":"SVCORP.COM-S-1-5-32-544","PrincipalType":"Group","RightName":"WriteDacl","IsInherited":true},{"PrincipalSID":"SVCORP.COM-S-1-5-32-544","PrincipalType":"Group","RightName":"WriteOwner","IsInherited":true}],"ObjectIdentifier":"5BB4F55A-DF32-4D07-8A67-5D41D0AD7444","IsDeleted":false,"IsACLProtected":false},{"Properties":{"domain":"SVCORP.COM","name":"MICROSOFT@SVCORP.COM","distinguishedname":"CN=MICROSOFT,CN=PROGRAM DATA,DC=SVCORP,DC=COM","domainsid":"S-1-5-21-466546139-763938477-1796994327","highvalue":false},"ChildObjects":[],"Aces":[{"PrincipalSID":"S-1-5-21-466546139-763938477-1796994327-512","PrincipalType":"Group","RightName":"Owns","IsInherited":false},{"PrincipalSID":"S-1-5-21-466546139-763938477-1796994327-512","PrincipalType":"Group","RightName":"GenericAll","IsInherited":false},{"PrincipalSID":"S-1-5-21-466546139-763938477-1796994327-519","PrincipalType":"Group","RightName":"GenericAll","IsInherited":true},{"PrincipalSID":"SVCORP.COM-S-1-5-32-544","PrincipalType":"Group","RightName":"WriteDacl","IsInherited":true},{"PrincipalSID":"SVCORP.COM-S-1-5-32-544","PrincipalType":"Group","RightName":"WriteOwner","IsInherited":true}],"ObjectIdentifier":"64AC30C6-4B2A-4EB7-AD82-93B8DB919CE0","IsDeleted":false,"IsACLProtected":false},{"Properties":{"domain":"SVCORP.COM","name":"COMPARTITIONS@SVCORP.COM","distinguishedname":"CN=COMPARTITIONS,CN=SYSTEM,DC=SVCORP,DC=COM","domainsid":"S-1-5-21-466546139-763938477-1796994327","highvalue":false},"ChildObjects":[],"Aces":[{"PrincipalSID":"S-1-5-21-466546139-763938477-1796994327-512","PrincipalType":"Group","RightName":"Owns","IsInherited":false},{"PrincipalSID":"S-1-5-21-466546139-763938477-1796994327-512","PrincipalType":"Group","RightName":"WriteDacl","IsInherited":false},{"PrincipalSID":"S-1-5-21-466546139-763938477-1796994327-512","PrincipalType":"Group","RightName":"WriteOwner","IsInherited":false},{"PrincipalSID":"S-1-5-21-466546139-763938477-1796994327-519","PrincipalType":"Group","RightName":"GenericAll","IsInherited":true},{"PrincipalSID":"SVCORP.COM-S-1-5-32-544","PrincipalType":"Group","RightName":"WriteDacl","IsInherited":true},{"PrincipalSID":"SVCORP.COM-S-1-5-32-544","PrincipalType":"Group","RightName":"WriteOwner","IsInherited":true}],"ObjectIdentifier":"74D697B3-D67F-422B-BFD3-C0AF67176606","IsDeleted":false,"IsACLProtected":false},{"Properties":{"domain":"SVCORP.COM","name":"IP SECURITY@SVCORP.COM","distinguishedname":"CN=IP SECURITY,CN=SYSTEM,DC=SVCORP,DC=COM","domainsid":"S-1-5-21-466546139-763938477-1796994327","highvalue":false},"ChildObjects":[],"Aces":[{"PrincipalSID":"S-1-5-21-466546139-763938477-1796994327-512","PrincipalType":"Group","RightName":"Owns","IsInherited":false},{"PrincipalSID":"S-1-5-21-466546139-763938477-1796994327-512","PrincipalType":"Group","RightName":"WriteDacl","IsInherited":false},{"PrincipalSID":"S-1-5-21-466546139-763938477-1796994327-512","PrincipalType":"Group","RightName":"WriteOwner","IsInherited":false},{"PrincipalSID":"S-1-5-21-466546139-763938477-1796994327-519","PrincipalType":"Group","RightName":"GenericAll","IsInherited":true},{"PrincipalSID":"SVCORP.COM-S-1-5-32-544","PrincipalType":"Group","RightName":"WriteDacl","IsInherited":true},{"PrincipalSID":"SVCORP.COM-S-1-5-32-544","PrincipalType":"Group","RightName":"WriteOwner","IsInherited":true}],"ObjectIdentifier":"D3196B4C-277D-4603-8B24-9C1094506E54","IsDeleted":false,"IsACLProtected":false},{"Properties":{"domain":"SVCORP.COM","name":"RAS AND IAS SERVERS ACCESS CHECK@SVCORP.COM","distinguishedname":"CN=RAS AND IAS SERVERS ACCESS CHECK,CN=SYSTEM,DC=SVCORP,DC=COM","domainsid":"S-1-5-21-466546139-763938477-1796994327","highvalue":false},"ChildObjects":[],"Aces":[{"PrincipalSID":"S-1-5-21-466546139-763938477-1796994327-512","PrincipalType":"Group","RightName":"Owns","IsInherited":false},{"PrincipalSID":"S-1-5-21-466546139-763938477-1796994327-553","PrincipalType":"Group","RightName":"WriteDacl","IsInherited":false},{"PrincipalSID":"S-1-5-21-466546139-763938477-1796994327-553","PrincipalType":"Group","RightName":"WriteOwner","IsInherited":false},{"PrincipalSID":"S-1-5-21-466546139-763938477-1796994327-519","PrincipalType":"Group","RightName":"GenericAll","IsInherited":true},{"PrincipalSID":"SVCORP.COM-S-1-5-32-544","PrincipalType":"Group","RightName":"WriteDacl","IsInherited":true},{"PrincipalSID":"SVCORP.COM-S-1-5-32-544","PrincipalType":"Group","RightName":"WriteOwner","IsInherited":true}],"ObjectIdentifier":"C06860E1-35CC-42E4-BCBA-7DB4C2C9AB07","IsDeleted":false,"IsACLProtected":false},{"Properties":{"domain":"SVCORP.COM","name":"WINSOCKSERVICES@SVCORP.COM","distinguishedname":"CN=WINSOCKSERVICES,CN=SYSTEM,DC=SVCORP,DC=COM","domainsid":"S-1-5-21-466546139-763938477-1796994327","highvalue":false},"ChildObjects":[],"Aces":[{"PrincipalSID":"S-1-5-21-466546139-763938477-1796994327-512","PrincipalType":"Group","RightName":"Owns","IsInherited":false},{"PrincipalSID":"S-1-5-21-466546139-763938477-1796994327-512","PrincipalType":"Group","RightName":"WriteDacl","IsInherited":false},{"PrincipalSID":"S-1-5-21-466546139-763938477-1796994327-512","PrincipalType":"Group","RightName":"WriteOwner","IsInherited":false},{"PrincipalSID":"S-1-5-21-466546139-763938477-1796994327-519","PrincipalType":"Group","RightName":"GenericAll","IsInherited":true},{"PrincipalSID":"SVCORP.COM-S-1-5-32-544","PrincipalType":"Group","RightName":"WriteDacl","IsInherited":true},{"PrincipalSID":"SVCORP.COM-S-1-5-32-544","PrincipalType":"Group","RightName":"WriteOwner","IsInherited":true}],"ObjectIdentifier":"2E3A1E6A-6427-4978-829E-96A66CA446FF","IsDeleted":false,"IsACLProtected":false},{"Properties":{"domain":"SVCORP.COM","name":"ADMINSDHOLDER@SVCORP.COM","distinguishedname":"CN=ADMINSDHOLDER,CN=SYSTEM,DC=SVCORP,DC=COM","domainsid":"S-1-5-21-466546139-763938477-1796994327","highvalue":false},"ChildObjects":[],"Aces":[{"PrincipalSID":"S-1-5-21-466546139-763938477-1796994327-512","PrincipalType":"Group","RightName":"Owns","IsInherited":false},{"PrincipalSID":"SVCORP.COM-S-1-5-32-544","PrincipalType":"Group","RightName":"WriteDacl","IsInherited":false},{"PrincipalSID":"SVCORP.COM-S-1-5-32-544","PrincipalType":"Group","RightName":"WriteOwner","IsInherited":false},{"PrincipalSID":"S-1-5-21-466546139-763938477-1796994327-512","PrincipalType":"Group","RightName":"WriteDacl","IsInherited":false},{"PrincipalSID":"S-1-5-21-466546139-763938477-1796994327-512","PrincipalType":"Group","RightName":"WriteOwner","IsInherited":false},{"PrincipalSID":"S-1-5-21-466546139-763938477-1796994327-519","PrincipalType":"Group","RightName":"WriteDacl","IsInherited":false},{"PrincipalSID":"S-1-5-21-466546139-763938477-1796994327-519","PrincipalType":"Group","RightName":"WriteOwner","IsInherited":false}],"ObjectIdentifier":"A038E42B-0A1C-42A3-8BA1-5F81D529A76F","IsDeleted":false,"IsACLProtected":true},{"Properties":{"domain":"SVCORP.COM","name":"COMPARTITIONSETS@SVCORP.COM","distinguishedname":"CN=COMPARTITIONSETS,CN=SYSTEM,DC=SVCORP,DC=COM","domainsid":"S-1-5-21-466546139-763938477-1796994327","highvalue":false},"ChildObjects":[],"Aces":[{"PrincipalSID":"S-1-5-21-466546139-763938477-1796994327-512","PrincipalType":"Group","RightName":"Owns","IsInherited":false},{"PrincipalSID":"S-1-5-21-466546139-763938477-1796994327-512","PrincipalType":"Group","RightName":"WriteDacl","IsInherited":false},{"PrincipalSID":"S-1-5-21-466546139-763938477-1796994327-512","PrincipalType":"Group","RightName":"WriteOwner","IsInherited":false},{"PrincipalSID":"S-1-5-21-466546139-763938477-1796994327-519","PrincipalType":"Group","RightName":"GenericAll","IsInherited":true},{"PrincipalSID":"SVCORP.COM-S-1-5-32-544","PrincipalType":"Group","RightName":"WriteDacl","IsInherited":true},{"PrincipalSID":"SVCORP.COM-S-1-5-32-544","PrincipalType":"Group","RightName":"WriteOwner","IsInherited":true}],"ObjectIdentifier":"833D6DE0-6327-4BC7-ACBD-46D464F278A4","IsDeleted":false,"IsACLProtected":false},{"Properties":{"domain":"SVCORP.COM","name":"PROGRAM DATA@SVCORP.COM","distinguishedname":"CN=PROGRAM DATA,DC=SVCORP,DC=COM","domainsid":"S-1-5-21-466546139-763938477-1796994327","highvalue":false},"ChildObjects":[],"Aces":[{"PrincipalSID":"S-1-5-21-466546139-763938477-1796994327-512","PrincipalType":"Group","RightName":"Owns","IsInherited":false},{"PrincipalSID":"S-1-5-21-466546139-763938477-1796994327-512","PrincipalType":"Group","RightName":"GenericAll","IsInherited":false},{"PrincipalSID":"S-1-5-21-466546139-763938477-1796994327-519","PrincipalType":"Group","RightName":"GenericAll","IsInherited":true},{"PrincipalSID":"SVCORP.COM-S-1-5-32-544","PrincipalType":"Group","RightName":"WriteDacl","IsInherited":true},{"PrincipalSID":"SVCORP.COM-S-1-5-32-544","PrincipalType":"Group","RightName":"WriteOwner","IsInherited":true}],"ObjectIdentifier":"3E8C3062-2D7C-4302-9EB9-EA823C2AE651","IsDeleted":false,"IsACLProtected":false},{"Properties":{"domain":"SVCORP.COM","name":"MANAGED SERVICE ACCOUNTS@SVCORP.COM","distinguishedname":"CN=MANAGED SERVICE ACCOUNTS,DC=SVCORP,DC=COM","domainsid":"S-1-5-21-466546139-763938477-1796994327","highvalue":false},"ChildObjects":[],"Aces":[{"PrincipalSID":"S-1-5-21-466546139-763938477-1796994327-512","PrincipalType":"Group","RightName":"Owns","IsInherited":false},{"PrincipalSID":"S-1-5-21-466546139-763938477-1796994327-512","PrincipalType":"Group","RightName":"WriteDacl","IsInherited":false},{"PrincipalSID":"S-1-5-21-466546139-763938477-1796994327-512","PrincipalType":"Group","RightName":"WriteOwner","IsInherited":false},{"PrincipalSID":"S-1-5-21-466546139-763938477-1796994327-519","PrincipalType":"Group","RightName":"GenericAll","IsInherited":true},{"PrincipalSID":"SVCORP.COM-S-1-5-32-544","PrincipalType":"Group","RightName":"WriteDacl","IsInherited":true},{"PrincipalSID":"SVCORP.COM-S-1-5-32-544","PrincipalType":"Group","RightName":"WriteOwner","IsInherited":true}],"ObjectIdentifier":"A8338946-B6D5-45DE-A507-84C416AE3E56","IsDeleted":false,"IsACLProtected":false},{"Properties":{"domain":"SVCORP.COM","name":"PSPS@SVCORP.COM","distinguishedname":"CN=PSPS,CN=SYSTEM,DC=SVCORP,DC=COM","domainsid":"S-1-5-21-466546139-763938477-1796994327","highvalue":false},"ChildObjects":[],"Aces":[{"PrincipalSID":"S-1-5-21-466546139-763938477-1796994327-512","PrincipalType":"Group","RightName":"Owns","IsInherited":false},{"PrincipalSID":"S-1-5-21-466546139-763938477-1796994327-512","PrincipalType":"Group","RightName":"GenericAll","IsInherited":false},{"PrincipalSID":"S-1-5-21-466546139-763938477-1796994327-519","PrincipalType":"Group","RightName":"GenericAll","IsInherited":true},{"PrincipalSID":"SVCORP.COM-S-1-5-32-544","PrincipalType":"Group","RightName":"WriteDacl","IsInherited":true},{"PrincipalSID":"SVCORP.COM-S-1-5-32-544","PrincipalType":"Group","RightName":"WriteOwner","IsInherited":true}],"ObjectIdentifier":"42190438-5DE5-4092-8C58-609039897580","IsDeleted":false,"IsACLProtected":false},{"Properties":{"domain":"SVCORP.COM","name":"RPCSERVICES@SVCORP.COM","distinguishedname":"CN=RPCSERVICES,CN=SYSTEM,DC=SVCORP,DC=COM","domainsid":"S-1-5-21-466546139-763938477-1796994327","highvalue":false},"ChildObjects":[],"Aces":[{"PrincipalSID":"S-1-5-21-466546139-763938477-1796994327-512","PrincipalType":"Group","RightName":"Owns","IsInherited":false},{"PrincipalSID":"S-1-5-21-466546139-763938477-1796994327-512","PrincipalType":"Group","RightName":"WriteDacl","IsInherited":false},{"PrincipalSID":"S-1-5-21-466546139-763938477-1796994327-512","PrincipalType":"Group","RightName":"WriteOwner","IsInherited":false},{"PrincipalSID":"S-1-5-21-466546139-763938477-1796994327-519","PrincipalType":"Group","RightName":"GenericAll","IsInherited":true},{"PrincipalSID":"SVCORP.COM-S-1-5-32-544","PrincipalType":"Group","RightName":"WriteDacl","IsInherited":true},{"PrincipalSID":"SVCORP.COM-S-1-5-32-544","PrincipalType":"Group","RightName":"WriteOwner","IsInherited":true}],"ObjectIdentifier":"19254CB9-3A8D-41DC-8916-1CEC20CA7CB1","IsDeleted":false,"IsACLProtected":false},{"Properties":{"domain":"SVCORP.COM","name":"POLICIES@SVCORP.COM","distinguishedname":"CN=POLICIES,CN=SYSTEM,DC=SVCORP,DC=COM","domainsid":"S-1-5-21-466546139-763938477-1796994327","highvalue":false},"ChildObjects":[],"Aces":[{"PrincipalSID":"S-1-5-21-466546139-763938477-1796994327-512","PrincipalType":"Group","RightName":"Owns","IsInherited":false},{"PrincipalSID":"S-1-5-21-466546139-763938477-1796994327-512","PrincipalType":"Group","RightName":"WriteDacl","IsInherited":false},{"PrincipalSID":"S-1-5-21-466546139-763938477-1796994327-512","PrincipalType":"Group","RightName":"WriteOwner","IsInherited":false},{"PrincipalSID":"S-1-5-21-466546139-763938477-1796994327-519","PrincipalType":"Group","RightName":"GenericAll","IsInherited":true},{"PrincipalSID":"SVCORP.COM-S-1-5-32-544","PrincipalType":"Group","RightName":"WriteDacl","IsInherited":true},{"PrincipalSID":"SVCORP.COM-S-1-5-32-544","PrincipalType":"Group","RightName":"WriteOwner","IsInherited":true}],"ObjectIdentifier":"26EBFE04-64FF-43CD-B4CE-AE263AD1AA24","IsDeleted":false,"IsACLProtected":false},{"Properties":{"domain":"SVCORP.COM","name":"USERS@SVCORP.COM","distinguishedname":"CN=USERS,DC=SVCORP,DC=COM","domainsid":"S-1-5-21-466546139-763938477-1796994327","highvalue":false},"ChildObjects":[{"ObjectIdentifier":"S-1-5-21-466546139-763938477-1796994327-500","ObjectType":"User"},{"ObjectIdentifier":"S-1-5-21-466546139-763938477-1796994327-571","ObjectType":"Group"},{"ObjectIdentifier":"S-1-5-21-466546139-763938477-1796994327-517","ObjectType":"Group"},{"ObjectIdentifier":"S-1-5-21-466546139-763938477-1796994327-522","ObjectType":"Group"},{"ObjectIdentifier":"S-1-5-21-466546139-763938477-1796994327-572","ObjectType":"Group"},{"ObjectIdentifier":"S-1-5-21-466546139-763938477-1796994327-1101","ObjectType":"Group"},{"ObjectIdentifier":"S-1-5-21-466546139-763938477-1796994327-1102","ObjectType":"Group"},{"ObjectIdentifier":"S-1-5-21-466546139-763938477-1796994327-512","ObjectType":"Group"},{"ObjectIdentifier":"S-1-5-21-466546139-763938477-1796994327-515","ObjectType":"Group"},{"ObjectIdentifier":"S-1-5-21-466546139-763938477-1796994327-516","ObjectType":"Group"},{"ObjectIdentifier":"S-1-5-21-466546139-763938477-1796994327-514","ObjectType":"Group"},{"ObjectIdentifier":"S-1-5-21-466546139-763938477-1796994327-513","ObjectType":"Group"},{"ObjectIdentifier":"S-1-5-21-466546139-763938477-1796994327-519","ObjectType":"Group"},{"ObjectIdentifier":"S-1-5-21-466546139-763938477-1796994327-527","ObjectType":"Group"},{"ObjectIdentifier":"S-1-5-21-466546139-763938477-1796994327-498","ObjectType":"Group"},{"ObjectIdentifier":"S-1-5-21-466546139-763938477-1796994327-520","ObjectType":"Group"},{"ObjectIdentifier":"S-1-5-21-466546139-763938477-1796994327-501","ObjectType":"User"},{"ObjectIdentifier":"S-1-5-21-466546139-763938477-1796994327-526","ObjectType":"Group"},{"ObjectIdentifier":"S-1-5-21-466546139-763938477-1796994327-502","ObjectType":"User"},{"ObjectIdentifier":"S-1-5-21-466546139-763938477-1796994327-525","ObjectType":"Group"},{"ObjectIdentifier":"S-1-5-21-466546139-763938477-1796994327-553","ObjectType":"Group"},{"ObjectIdentifier":"S-1-5-21-466546139-763938477-1796994327-521","ObjectType":"Group"},{"ObjectIdentifier":"S-1-5-21-466546139-763938477-1796994327-518","ObjectType":"Group"}],"Aces":[{"PrincipalSID":"S-1-5-21-466546139-763938477-1796994327-512","PrincipalType":"Group","RightName":"Owns","IsInherited":false},{"PrincipalSID":"S-1-5-21-466546139-763938477-1796994327-512","PrincipalType":"Group","RightName":"WriteDacl","IsInherited":false},{"PrincipalSID":"S-1-5-21-466546139-763938477-1796994327-512","PrincipalType":"Group","RightName":"WriteOwner","IsInherited":false},{"PrincipalSID":"S-1-5-21-466546139-763938477-1796994327-519","PrincipalType":"Group","RightName":"GenericAll","IsInherited":true},{"PrincipalSID":"SVCORP.COM-S-1-5-32-544","PrincipalType":"Group","RightName":"WriteDacl","IsInherited":true},{"PrincipalSID":"SVCORP.COM-S-1-5-32-544","PrincipalType":"Group","RightName":"WriteOwner","IsInherited":true}],"ObjectIdentifier":"2B8E9B90-79E9-45D4-8E69-DE5CE7A02E76","IsDeleted":false,"IsACLProtected":false},{"Properties":{"domain":"SVCORP.COM","name":"MEETINGS@SVCORP.COM","distinguishedname":"CN=MEETINGS,CN=SYSTEM,DC=SVCORP,DC=COM","domainsid":"S-1-5-21-466546139-763938477-1796994327","highvalue":false},"ChildObjects":[],"Aces":[{"PrincipalSID":"S-1-5-21-466546139-763938477-1796994327-512","PrincipalType":"Group","RightName":"Owns","IsInherited":false},{"PrincipalSID":"S-1-5-21-466546139-763938477-1796994327-512","PrincipalType":"Group","RightName":"WriteDacl","IsInherited":false},{"PrincipalSID":"S-1-5-21-466546139-763938477-1796994327-512","PrincipalType":"Group","RightName":"WriteOwner","IsInherited":false},{"PrincipalSID":"S-1-5-21-466546139-763938477-1796994327-519","PrincipalType":"Group","RightName":"GenericAll","IsInherited":true},{"PrincipalSID":"SVCORP.COM-S-1-5-32-544","PrincipalType":"Group","RightName":"WriteDacl","IsInherited":true},{"PrincipalSID":"SVCORP.COM-S-1-5-32-544","PrincipalType":"Group","RightName":"WriteOwner","IsInherited":true}],"ObjectIdentifier":"2215BB36-18D8-4868-B7E9-AB136A52783B","IsDeleted":false,"IsACLProtected":false},{"Properties":{"domain":"SVCORP.COM","name":"COMPUTERS@SVCORP.COM","distinguishedname":"CN=COMPUTERS,DC=SVCORP,DC=COM","domainsid":"S-1-5-21-466546139-763938477-1796994327","highvalue":false},"ChildObjects":[],"Aces":[{"PrincipalSID":"S-1-5-21-466546139-763938477-1796994327-512","PrincipalType":"Group","RightName":"Owns","IsInherited":false},{"PrincipalSID":"S-1-5-21-466546139-763938477-1796994327-512","PrincipalType":"Group","RightName":"WriteDacl","IsInherited":false},{"PrincipalSID":"S-1-5-21-466546139-763938477-1796994327-512","PrincipalType":"Group","RightName":"WriteOwner","IsInherited":false},{"PrincipalSID":"S-1-5-21-466546139-763938477-1796994327-519","PrincipalType":"Group","RightName":"GenericAll","IsInherited":true},{"PrincipalSID":"SVCORP.COM-S-1-5-32-544","PrincipalType":"Group","RightName":"WriteDacl","IsInherited":true},{"PrincipalSID":"SVCORP.COM-S-1-5-32-544","PrincipalType":"Group","RightName":"WriteOwner","IsInherited":true}],"ObjectIdentifier":"34399829-5329-4CF2-A8D5-FF4ED5FA90E2","IsDeleted":false,"IsACLProtected":false}],"meta":{"methods":29695,"type":"containers","count":22,"version":5}}