﻿{"data":[{"GPOChanges":{"LocalAdmins":[],"RemoteDesktopUsers":[],"DcomUsers":[],"PSRemoteUsers":[],"AffectedComputers":[{"ObjectIdentifier":"S-1-5-21-466546139-763938477-1796994327-1000","ObjectType":"Computer"},{"ObjectIdentifier":"S-1-5-21-466546139-763938477-1796994327-1134","ObjectType":"Computer"},{"ObjectIdentifier":"S-1-5-21-466546139-763938477-1796994327-1135","ObjectType":"Computer"},{"ObjectIdentifier":"S-1-5-21-466546139-763938477-1796994327-1136","ObjectType":"Computer"},{"ObjectIdentifier":"S-1-5-21-466546139-763938477-1796994327-1137","ObjectType":"Computer"},{"ObjectIdentifier":"S-1-5-21-466546139-763938477-1796994327-1138","ObjectType":"Computer"},{"ObjectIdentifier":"S-1-5-21-466546139-763938477-1796994327-1139","ObjectType":"Computer"},{"ObjectIdentifier":"S-1-5-21-466546139-763938477-1796994327-1140","ObjectType":"Computer"},{"ObjectIdentifier":"S-1-5-21-466546139-763938477-1796994327-1141","ObjectType":"Computer"},{"ObjectIdentifier":"S-1-5-21-466546139-763938477-1796994327-1142","ObjectType":"Computer"},{"ObjectIdentifier":"S-1-5-21-466546139-763938477-1796994327-1143","ObjectType":"Computer"},{"ObjectIdentifier":"S-1-5-21-466546139-763938477-1796994327-1144","ObjectType":"Computer"},{"ObjectIdentifier":"S-1-5-21-466546139-763938477-1796994327-1145","ObjectType":"Computer"},{"ObjectIdentifier":"S-1-5-21-466546139-763938477-1796994327-1146","ObjectType":"Computer"},{"ObjectIdentifier":"S-1-5-21-466546139-763938477-1796994327-1147","ObjectType":"Computer"},{"ObjectIdentifier":"S-1-5-21-466546139-763938477-1796994327-1148","ObjectType":"Computer"},{"ObjectIdentifier":"S-1-5-21-466546139-763938477-1796994327-1149","ObjectType":"Computer"},{"ObjectIdentifier":"S-1-5-21-466546139-763938477-1796994327-1150","ObjectType":"Computer"},{"ObjectIdentifier":"S-1-5-21-466546139-763938477-1796994327-1151","ObjectType":"Computer"},{"ObjectIdentifier":"S-1-5-21-466546139-763938477-1796994327-1152","ObjectType":"Computer"},{"ObjectIdentifier":"S-1-5-21-466546139-763938477-1796994327-1153","ObjectType":"Computer"},{"ObjectIdentifier":"S-1-5-21-466546139-763938477-1796994327-1154","ObjectType":"Computer"},{"ObjectIdentifier":"S-1-5-21-466546139-763938477-1796994327-1155","ObjectType":"Computer"},{"ObjectIdentifier":"S-1-5-21-466546139-763938477-1796994327-1156","ObjectType":"Computer"},{"ObjectIdentifier":"S-1-5-21-466546139-763938477-1796994327-1157","ObjectType":"Computer"},{"ObjectIdentifier":"S-1-5-21-466546139-763938477-1796994327-1158","ObjectType":"Computer"},{"ObjectIdentifier":"S-1-5-21-466546139-763938477-1796994327-1159","ObjectType":"Computer"},{"ObjectIdentifier":"S-1-5-21-466546139-763938477-1796994327-1160","ObjectType":"Computer"},{"ObjectIdentifier":"S-1-5-21-466546139-763938477-1796994327-1161","ObjectType":"Computer"},{"ObjectIdentifier":"S-1-5-21-466546139-763938477-1796994327-1162","ObjectType":"Computer"},{"ObjectIdentifier":"S-1-5-21-466546139-763938477-1796994327-1163","ObjectType":"Computer"},{"ObjectIdentifier":"S-1-5-21-466546139-763938477-1796994327-1164","ObjectType":"Computer"},{"ObjectIdentifier":"S-1-5-21-466546139-763938477-1796994327-1165","ObjectType":"Computer"},{"ObjectIdentifier":"S-1-5-21-466546139-763938477-1796994327-1166","ObjectType":"Computer"},{"ObjectIdentifier":"S-1-5-21-466546139-763938477-1796994327-1167","ObjectType":"Computer"},{"ObjectIdentifier":"S-1-5-21-466546139-763938477-1796994327-1168","ObjectType":"Computer"},{"ObjectIdentifier":"S-1-5-21-466546139-763938477-1796994327-1170","ObjectType":"Computer"},{"ObjectIdentifier":"S-1-5-21-466546139-763938477-1796994327-1171","ObjectType":"Computer"},{"ObjectIdentifier":"S-1-5-21-466546139-763938477-1796994327-1172","ObjectType":"Computer"}]},"Properties":{"domain":"SVCORP.COM","name":"SVCORP.COM","distinguishedname":"DC=SVCORP,DC=COM","domainsid":"S-1-5-21-466546139-763938477-1796994327","highvalue":true,"description":null,"whencreated":1551966223,"functionallevel":"2016"},"ChildObjects":[{"ObjectIdentifier":"34399829-5329-4CF2-A8D5-FF4ED5FA90E2","ObjectType":"Container"},{"ObjectIdentifier":"802B2987-C336-47E6-8DAB-6BD06393B70C","ObjectType":"OU"},{"ObjectIdentifier":"5BB4F55A-DF32-4D07-8A67-5D41D0AD7444","ObjectType":"Container"},{"ObjectIdentifier":"A8338946-B6D5-45DE-A507-84C416AE3E56","ObjectType":"Container"},{"ObjectIdentifier":"E6BEAE91-13B2-44F3-8841-801E81C8DA8C","ObjectType":"OU"},{"ObjectIdentifier":"20CB0D77-313C-47D4-8B23-5DA20D9F8E3C","ObjectType":"OU"},{"ObjectIdentifier":"F7620A71-E177-46DC-8FAB-98EC296361F7","ObjectType":"OU"},{"ObjectIdentifier":"2B8E9B90-79E9-45D4-8E69-DE5CE7A02E76","ObjectType":"Container"}],"Trusts":[],"Links":[{"IsEnforced":false,"GUID":"DB893D51-CD7C-4026-A391-11BA769EF9F2"}],"Aces":[{"PrincipalSID":"SVCORP.COM-S-1-5-32-544","PrincipalType":"Group","RightName":"Owns","IsInherited":false},{"PrincipalSID":"SVCORP.COM-S-1-5-32-544","PrincipalType":"Group","RightName":"WriteDacl","IsInherited":false},{"PrincipalSID":"SVCORP.COM-S-1-5-32-544","PrincipalType":"Group","RightName":"WriteOwner","IsInherited":false},{"PrincipalSID":"SVCORP.COM-S-1-5-32-544","PrincipalType":"Group","RightName":"AllExtendedRights","IsInherited":false},{"PrincipalSID":"S-1-5-21-466546139-763938477-1796994327-512","PrincipalType":"Group","RightName":"WriteDacl","IsInherited":false},{"PrincipalSID":"S-1-5-21-466546139-763938477-1796994327-512","PrincipalType":"Group","RightName":"WriteOwner","IsInherited":false},{"PrincipalSID":"S-1-5-21-466546139-763938477-1796994327-512","PrincipalType":"Group","RightName":"AllExtendedRights","IsInherited":false},{"PrincipalSID":"S-1-5-21-466546139-763938477-1796994327-519","PrincipalType":"Group","RightName":"GenericAll","IsInherited":false},{"PrincipalSID":"SVCORP.COM-S-1-5-9","PrincipalType":"Group","RightName":"GetChanges","IsInherited":false},{"PrincipalSID":"SVCORP.COM-S-1-5-9","PrincipalType":"Group","RightName":"GetChangesInFilteredSet","IsInherited":false},{"PrincipalSID":"SVCORP.COM-S-1-5-32-544","PrincipalType":"Group","RightName":"GetChangesAll","IsInherited":false},{"PrincipalSID":"SVCORP.COM-S-1-5-32-544","PrincipalType":"Group","RightName":"GetChanges","IsInherited":false},{"PrincipalSID":"SVCORP.COM-S-1-5-32-544","PrincipalType":"Group","RightName":"GetChangesInFilteredSet","IsInherited":false},{"PrincipalSID":"S-1-5-21-466546139-763938477-1796994327-498","PrincipalType":"Group","RightName":"GetChanges","IsInherited":false},{"PrincipalSID":"S-1-5-21-466546139-763938477-1796994327-516","PrincipalType":"Group","RightName":"GetChangesAll","IsInherited":false}],"ObjectIdentifier":"S-1-5-21-466546139-763938477-1796994327","IsDeleted":false,"IsACLProtected":false}],"meta":{"methods":29695,"type":"domains","count":1,"version":5}}