﻿{"data":[{"GPOChanges":{"LocalAdmins":[],"RemoteDesktopUsers":[],"DcomUsers":[],"PSRemoteUsers":[],"AffectedComputers":[]},"Properties":{"domain":"SVCORP.COM","name":"SVGROUPS@SVCORP.COM","distinguishedname":"OU=SVGROUPS,DC=SVCORP,DC=COM","domainsid":"S-1-5-21-466546139-763938477-1796994327","highvalue":false,"description":null,"whencreated":1551968225,"blocksinheritance":false},"Links":[],"ChildObjects":[{"ObjectIdentifier":"S-1-5-21-466546139-763938477-1796994327-1128","ObjectType":"Group"},{"ObjectIdentifier":"S-1-5-21-466546139-763938477-1796994327-1131","ObjectType":"Group"},{"ObjectIdentifier":"S-1-5-21-466546139-763938477-1796994327-1129","ObjectType":"Group"},{"ObjectIdentifier":"S-1-5-21-466546139-763938477-1796994327-1130","ObjectType":"Group"},{"ObjectIdentifier":"S-1-5-21-466546139-763938477-1796994327-1133","ObjectType":"Group"},{"ObjectIdentifier":"S-1-5-21-466546139-763938477-1796994327-1132","ObjectType":"Group"}],"Aces":[{"PrincipalSID":"S-1-5-21-466546139-763938477-1796994327-512","PrincipalType":"Group","RightName":"Owns","IsInherited":false},{"PrincipalSID":"S-1-5-21-466546139-763938477-1796994327-512","PrincipalType":"Group","RightName":"GenericAll","IsInherited":false},{"PrincipalSID":"S-1-5-21-466546139-763938477-1796994327-519","PrincipalType":"Group","RightName":"GenericAll","IsInherited":true},{"PrincipalSID":"SVCORP.COM-S-1-5-32-544","PrincipalType":"Group","RightName":"WriteDacl","IsInherited":true},{"PrincipalSID":"SVCORP.COM-S-1-5-32-544","PrincipalType":"Group","RightName":"WriteOwner","IsInherited":true}],"ObjectIdentifier":"E6BEAE91-13B2-44F3-8841-801E81C8DA8C","IsDeleted":false,"IsACLProtected":false},{"GPOChanges":{"LocalAdmins":[],"RemoteDesktopUsers":[],"DcomUsers":[],"PSRemoteUsers":[],"AffectedComputers":[]},"Properties":{"domain":"SVCORP.COM","name":"SVUSERS@SVCORP.COM","distinguishedname":"OU=SVUSERS,DC=SVCORP,DC=COM","domainsid":"S-1-5-21-466546139-763938477-1796994327","highvalue":false,"description":null,"whencreated":1551968226,"blocksinheritance":false},"Links":[],"ChildObjects":[{"ObjectIdentifier":"838FC5DA-5C8A-4A29-AC36-F0A5A8F79363","ObjectType":"OU"},{"ObjectIdentifier":"CEBF1283-A05D-4C9C-AE14-ABA0B138EED8","ObjectType":"OU"},{"ObjectIdentifier":"378EEB86-E6B5-460E-8D3E-7EFA98FBECF2","ObjectType":"OU"},{"ObjectIdentifier":"03195B6C-6196-4AC6-8BC6-4977C547E711","ObjectType":"OU"},{"ObjectIdentifier":"D74F1120-5207-4818-8648-B4F0D76F8296","ObjectType":"OU"}],"Aces":[{"PrincipalSID":"S-1-5-21-466546139-763938477-1796994327-512","PrincipalType":"Group","RightName":"Owns","IsInherited":false},{"PrincipalSID":"S-1-5-21-466546139-763938477-1796994327-512","PrincipalType":"Group","RightName":"GenericAll","IsInherited":false},{"PrincipalSID":"S-1-5-21-466546139-763938477-1796994327-519","PrincipalType":"Group","RightName":"GenericAll","IsInherited":true},{"PrincipalSID":"SVCORP.COM-S-1-5-32-544","PrincipalType":"Group","RightName":"WriteDacl","IsInherited":true},{"PrincipalSID":"SVCORP.COM-S-1-5-32-544","PrincipalType":"Group","RightName":"WriteOwner","IsInherited":true}],"ObjectIdentifier":"F7620A71-E177-46DC-8FAB-98EC296361F7","IsDeleted":false,"IsACLProtected":false},{"GPOChanges":{"LocalAdmins":[],"RemoteDesktopUsers":[],"DcomUsers":[],"PSRemoteUsers":[],"AffectedComputers":[]},"Properties":{"domain":"SVCORP.COM","name":"SERVERADMINS@SVCORP.COM","distinguishedname":"OU=SERVERADMINS,OU=SVUSERS,DC=SVCORP,DC=COM","domainsid":"S-1-5-21-466546139-763938477-1796994327","highvalue":false,"description":null,"whencreated":1551968226,"blocksinheritance":false},"Links":[],"ChildObjects":[{"ObjectIdentifier":"S-1-5-21-466546139-763938477-1796994327-1122","ObjectType":"User"},{"ObjectIdentifier":"S-1-5-21-466546139-763938477-1796994327-1119","ObjectType":"User"},{"ObjectIdentifier":"S-1-5-21-466546139-763938477-1796994327-1120","ObjectType":"User"},{"ObjectIdentifier":"S-1-5-21-466546139-763938477-1796994327-1121","ObjectType":"User"}],"Aces":[{"PrincipalSID":"S-1-5-21-466546139-763938477-1796994327-512","PrincipalType":"Group","RightName":"Owns","IsInherited":false},{"PrincipalSID":"S-1-5-21-466546139-763938477-1796994327-512","PrincipalType":"Group","RightName":"GenericAll","IsInherited":false},{"PrincipalSID":"S-1-5-21-466546139-763938477-1796994327-519","PrincipalType":"Group","RightName":"GenericAll","IsInherited":true},{"PrincipalSID":"SVCORP.COM-S-1-5-32-544","PrincipalType":"Group","RightName":"WriteDacl","IsInherited":true},{"PrincipalSID":"SVCORP.COM-S-1-5-32-544","PrincipalType":"Group","RightName":"WriteOwner","IsInherited":true}],"ObjectIdentifier":"378EEB86-E6B5-460E-8D3E-7EFA98FBECF2","IsDeleted":false,"IsACLProtected":false},{"GPOChanges":{"LocalAdmins":[],"RemoteDesktopUsers":[],"DcomUsers":[],"PSRemoteUsers":[],"AffectedComputers":[]},"Properties":{"domain":"SVCORP.COM","name":"ADMINS@SVCORP.COM","distinguishedname":"OU=ADMINS,OU=SVUSERS,DC=SVCORP,DC=COM","domainsid":"S-1-5-21-466546139-763938477-1796994327","highvalue":false,"description":null,"whencreated":1551968226,"blocksinheritance":false},"Links":[],"ChildObjects":[{"ObjectIdentifier":"S-1-5-21-466546139-763938477-1796994327-1123","ObjectType":"User"},{"ObjectIdentifier":"S-1-5-21-466546139-763938477-1796994327-1124","ObjectType":"User"}],"Aces":[{"PrincipalSID":"S-1-5-21-466546139-763938477-1796994327-512","PrincipalType":"Group","RightName":"Owns","IsInherited":false},{"PrincipalSID":"S-1-5-21-466546139-763938477-1796994327-512","PrincipalType":"Group","RightName":"GenericAll","IsInherited":false},{"PrincipalSID":"S-1-5-21-466546139-763938477-1796994327-519","PrincipalType":"Group","RightName":"GenericAll","IsInherited":true},{"PrincipalSID":"SVCORP.COM-S-1-5-32-544","PrincipalType":"Group","RightName":"WriteDacl","IsInherited":true},{"PrincipalSID":"SVCORP.COM-S-1-5-32-544","PrincipalType":"Group","RightName":"WriteOwner","IsInherited":true}],"ObjectIdentifier":"838FC5DA-5C8A-4A29-AC36-F0A5A8F79363","IsDeleted":false,"IsACLProtected":false},{"GPOChanges":{"LocalAdmins":[],"RemoteDesktopUsers":[],"DcomUsers":[],"PSRemoteUsers":[],"AffectedComputers":[]},"Properties":{"domain":"SVCORP.COM","name":"WORKSTATIONADMINS@SVCORP.COM","distinguishedname":"OU=WORKSTATIONADMINS,OU=SVUSERS,DC=SVCORP,DC=COM","domainsid":"S-1-5-21-466546139-763938477-1796994327","highvalue":false,"description":null,"whencreated":1551968226,"blocksinheritance":false},"Links":[],"ChildObjects":[{"ObjectIdentifier":"S-1-5-21-466546139-763938477-1796994327-1117","ObjectType":"User"},{"ObjectIdentifier":"S-1-5-21-466546139-763938477-1796994327-1118","ObjectType":"User"},{"ObjectIdentifier":"S-1-5-21-466546139-763938477-1796994327-1116","ObjectType":"User"}],"Aces":[{"PrincipalSID":"S-1-5-21-466546139-763938477-1796994327-512","PrincipalType":"Group","RightName":"Owns","IsInherited":false},{"PrincipalSID":"S-1-5-21-466546139-763938477-1796994327-512","PrincipalType":"Group","RightName":"GenericAll","IsInherited":false},{"PrincipalSID":"S-1-5-21-466546139-763938477-1796994327-519","PrincipalType":"Group","RightName":"GenericAll","IsInherited":true},{"PrincipalSID":"SVCORP.COM-S-1-5-32-544","PrincipalType":"Group","RightName":"WriteDacl","IsInherited":true},{"PrincipalSID":"SVCORP.COM-S-1-5-32-544","PrincipalType":"Group","RightName":"WriteOwner","IsInherited":true}],"ObjectIdentifier":"D74F1120-5207-4818-8648-B4F0D76F8296","IsDeleted":false,"IsACLProtected":false},{"GPOChanges":{"LocalAdmins":[],"RemoteDesktopUsers":[],"DcomUsers":[],"PSRemoteUsers":[],"AffectedComputers":[]},"Properties":{"domain":"SVCORP.COM","name":"NONADMINS@SVCORP.COM","distinguishedname":"OU=NONADMINS,OU=SVUSERS,DC=SVCORP,DC=COM","domainsid":"S-1-5-21-466546139-763938477-1796994327","highvalue":false,"description":null,"whencreated":1551968226,"blocksinheritance":false},"Links":[],"ChildObjects":[{"ObjectIdentifier":"S-1-5-21-466546139-763938477-1796994327-1103","ObjectType":"User"},{"ObjectIdentifier":"S-1-5-21-466546139-763938477-1796994327-1108","ObjectType":"User"},{"ObjectIdentifier":"S-1-5-21-466546139-763938477-1796994327-1106","ObjectType":"User"},{"ObjectIdentifier":"S-1-5-21-466546139-763938477-1796994327-1109","ObjectType":"User"},{"ObjectIdentifier":"C2C8D94F-9550-4650-A0AE-BC9E5E9776CB","ObjectType":"OU"},{"ObjectIdentifier":"S-1-5-21-466546139-763938477-1796994327-1112","ObjectType":"User"},{"ObjectIdentifier":"S-1-5-21-466546139-763938477-1796994327-1105","ObjectType":"User"},{"ObjectIdentifier":"S-1-5-21-466546139-763938477-1796994327-1111","ObjectType":"User"},{"ObjectIdentifier":"S-1-5-21-466546139-763938477-1796994327-1104","ObjectType":"User"},{"ObjectIdentifier":"S-1-5-21-466546139-763938477-1796994327-1107","ObjectType":"User"},{"ObjectIdentifier":"S-1-5-21-466546139-763938477-1796994327-1110","ObjectType":"User"}],"Aces":[{"PrincipalSID":"S-1-5-21-466546139-763938477-1796994327-512","PrincipalType":"Group","RightName":"Owns","IsInherited":false},{"PrincipalSID":"S-1-5-21-466546139-763938477-1796994327-512","PrincipalType":"Group","RightName":"GenericAll","IsInherited":false},{"PrincipalSID":"S-1-5-21-466546139-763938477-1796994327-519","PrincipalType":"Group","RightName":"GenericAll","IsInherited":true},{"PrincipalSID":"SVCORP.COM-S-1-5-32-544","PrincipalType":"Group","RightName":"WriteDacl","IsInherited":true},{"PrincipalSID":"SVCORP.COM-S-1-5-32-544","PrincipalType":"Group","RightName":"WriteOwner","IsInherited":true}],"ObjectIdentifier":"CEBF1283-A05D-4C9C-AE14-ABA0B138EED8","IsDeleted":false,"IsACLProtected":false},{"GPOChanges":{"LocalAdmins":[],"RemoteDesktopUsers":[],"DcomUsers":[],"PSRemoteUsers":[],"AffectedComputers":[]},"Properties":{"domain":"SVCORP.COM","name":"HELPDESK@SVCORP.COM","distinguishedname":"OU=HELPDESK,OU=NONADMINS,OU=SVUSERS,DC=SVCORP,DC=COM","domainsid":"S-1-5-21-466546139-763938477-1796994327","highvalue":false,"description":null,"whencreated":1551968226,"blocksinheritance":false},"Links":[],"ChildObjects":[{"ObjectIdentifier":"S-1-5-21-466546139-763938477-1796994327-1115","ObjectType":"User"},{"ObjectIdentifier":"S-1-5-21-466546139-763938477-1796994327-1113","ObjectType":"User"},{"ObjectIdentifier":"S-1-5-21-466546139-763938477-1796994327-1114","ObjectType":"User"}],"Aces":[{"PrincipalSID":"S-1-5-21-466546139-763938477-1796994327-512","PrincipalType":"Group","RightName":"Owns","IsInherited":false},{"PrincipalSID":"S-1-5-21-466546139-763938477-1796994327-512","PrincipalType":"Group","RightName":"GenericAll","IsInherited":false},{"PrincipalSID":"S-1-5-21-466546139-763938477-1796994327-519","PrincipalType":"Group","RightName":"GenericAll","IsInherited":true},{"PrincipalSID":"SVCORP.COM-S-1-5-32-544","PrincipalType":"Group","RightName":"WriteDacl","IsInherited":true},{"PrincipalSID":"SVCORP.COM-S-1-5-32-544","PrincipalType":"Group","RightName":"WriteOwner","IsInherited":true}],"ObjectIdentifier":"C2C8D94F-9550-4650-A0AE-BC9E5E9776CB","IsDeleted":false,"IsACLProtected":false},{"GPOChanges":{"LocalAdmins":[],"RemoteDesktopUsers":[],"DcomUsers":[],"PSRemoteUsers":[],"AffectedComputers":[]},"Properties":{"domain":"SVCORP.COM","name":"SVCACCOUNTS@SVCORP.COM","distinguishedname":"OU=SVCACCOUNTS,OU=SVUSERS,DC=SVCORP,DC=COM","domainsid":"S-1-5-21-466546139-763938477-1796994327","highvalue":false,"description":null,"whencreated":1551968226,"blocksinheritance":false},"Links":[],"ChildObjects":[{"ObjectIdentifier":"S-1-5-21-466546139-763938477-1796994327-1127","ObjectType":"User"},{"ObjectIdentifier":"S-1-5-21-466546139-763938477-1796994327-1126","ObjectType":"User"},{"ObjectIdentifier":"S-1-5-21-466546139-763938477-1796994327-1125","ObjectType":"User"}],"Aces":[{"PrincipalSID":"S-1-5-21-466546139-763938477-1796994327-512","PrincipalType":"Group","RightName":"Owns","IsInherited":false},{"PrincipalSID":"S-1-5-21-466546139-763938477-1796994327-512","PrincipalType":"Group","RightName":"GenericAll","IsInherited":false},{"PrincipalSID":"S-1-5-21-466546139-763938477-1796994327-519","PrincipalType":"Group","RightName":"GenericAll","IsInherited":true},{"PrincipalSID":"SVCORP.COM-S-1-5-32-544","PrincipalType":"Group","RightName":"WriteDacl","IsInherited":true},{"PrincipalSID":"SVCORP.COM-S-1-5-32-544","PrincipalType":"Group","RightName":"WriteOwner","IsInherited":true}],"ObjectIdentifier":"03195B6C-6196-4AC6-8BC6-4977C547E711","IsDeleted":false,"IsACLProtected":false},{"GPOChanges":{"LocalAdmins":[],"RemoteDesktopUsers":[],"DcomUsers":[],"PSRemoteUsers":[],"AffectedComputers":[{"ObjectIdentifier":"S-1-5-21-466546139-763938477-1796994327-1000","ObjectType":"Computer"}]},"Properties":{"domain":"SVCORP.COM","name":"DOMAIN CONTROLLERS@SVCORP.COM","distinguishedname":"OU=DOMAIN CONTROLLERS,DC=SVCORP,DC=COM","domainsid":"S-1-5-21-466546139-763938477-1796994327","highvalue":false,"description":"Default container for domain controllers","whencreated":1551966234,"blocksinheritance":false},"Links":[{"IsEnforced":false,"GUID":"B179BE31-E50E-4424-9347-52A5047DB2FC"}],"ChildObjects":[{"ObjectIdentifier":"S-1-5-21-466546139-763938477-1796994327-1000","ObjectType":"Computer"}],"Aces":[{"PrincipalSID":"S-1-5-21-466546139-763938477-1796994327-512","PrincipalType":"Group","RightName":"Owns","IsInherited":false},{"PrincipalSID":"S-1-5-21-466546139-763938477-1796994327-512","PrincipalType":"Group","RightName":"WriteDacl","IsInherited":false},{"PrincipalSID":"S-1-5-21-466546139-763938477-1796994327-512","PrincipalType":"Group","RightName":"WriteOwner","IsInherited":false},{"PrincipalSID":"S-1-5-21-466546139-763938477-1796994327-519","PrincipalType":"Group","RightName":"GenericAll","IsInherited":true},{"PrincipalSID":"SVCORP.COM-S-1-5-32-544","PrincipalType":"Group","RightName":"WriteDacl","IsInherited":true},{"PrincipalSID":"SVCORP.COM-S-1-5-32-544","PrincipalType":"Group","RightName":"WriteOwner","IsInherited":true}],"ObjectIdentifier":"802B2987-C336-47E6-8DAB-6BD06393B70C","IsDeleted":false,"IsACLProtected":false},{"GPOChanges":{"LocalAdmins":[{"ObjectIdentifier":"S-1-5-21-466546139-763938477-1796994327-1133","ObjectType":"Group"}],"RemoteDesktopUsers":[],"DcomUsers":[],"PSRemoteUsers":[],"AffectedComputers":[{"ObjectIdentifier":"S-1-5-21-466546139-763938477-1796994327-1170","ObjectType":"Computer"},{"ObjectIdentifier":"S-1-5-21-466546139-763938477-1796994327-1134","ObjectType":"Computer"},{"ObjectIdentifier":"S-1-5-21-466546139-763938477-1796994327-1135","ObjectType":"Computer"},{"ObjectIdentifier":"S-1-5-21-466546139-763938477-1796994327-1136","ObjectType":"Computer"},{"ObjectIdentifier":"S-1-5-21-466546139-763938477-1796994327-1137","ObjectType":"Computer"},{"ObjectIdentifier":"S-1-5-21-466546139-763938477-1796994327-1138","ObjectType":"Computer"},{"ObjectIdentifier":"S-1-5-21-466546139-763938477-1796994327-1139","ObjectType":"Computer"},{"ObjectIdentifier":"S-1-5-21-466546139-763938477-1796994327-1140","ObjectType":"Computer"},{"ObjectIdentifier":"S-1-5-21-466546139-763938477-1796994327-1141","ObjectType":"Computer"},{"ObjectIdentifier":"S-1-5-21-466546139-763938477-1796994327-1142","ObjectType":"Computer"},{"ObjectIdentifier":"S-1-5-21-466546139-763938477-1796994327-1143","ObjectType":"Computer"},{"ObjectIdentifier":"S-1-5-21-466546139-763938477-1796994327-1144","ObjectType":"Computer"},{"ObjectIdentifier":"S-1-5-21-466546139-763938477-1796994327-1145","ObjectType":"Computer"},{"ObjectIdentifier":"S-1-5-21-466546139-763938477-1796994327-1146","ObjectType":"Computer"},{"ObjectIdentifier":"S-1-5-21-466546139-763938477-1796994327-1147","ObjectType":"Computer"},{"ObjectIdentifier":"S-1-5-21-466546139-763938477-1796994327-1148","ObjectType":"Computer"}]},"Properties":{"domain":"SVCORP.COM","name":"SERVERS@SVCORP.COM","distinguishedname":"OU=SERVERS,OU=SVMACHINES,DC=SVCORP,DC=COM","domainsid":"S-1-5-21-466546139-763938477-1796994327","highvalue":false,"description":null,"whencreated":1551968226,"blocksinheritance":false},"Links":[{"IsEnforced":false,"GUID":"664A1545-7EB4-4C46-AA18-3CD5C08EAD69"}],"ChildObjects":[{"ObjectIdentifier":"S-1-5-21-466546139-763938477-1796994327-1134","ObjectType":"Computer"},{"ObjectIdentifier":"S-1-5-21-466546139-763938477-1796994327-1135","ObjectType":"Computer"},{"ObjectIdentifier":"S-1-5-21-466546139-763938477-1796994327-1136","ObjectType":"Computer"},{"ObjectIdentifier":"S-1-5-21-466546139-763938477-1796994327-1137","ObjectType":"Computer"},{"ObjectIdentifier":"S-1-5-21-466546139-763938477-1796994327-1141","ObjectType":"Computer"},{"ObjectIdentifier":"S-1-5-21-466546139-763938477-1796994327-1138","ObjectType":"Computer"},{"ObjectIdentifier":"S-1-5-21-466546139-763938477-1796994327-1142","ObjectType":"Computer"},{"ObjectIdentifier":"S-1-5-21-466546139-763938477-1796994327-1143","ObjectType":"Computer"},{"ObjectIdentifier":"S-1-5-21-466546139-763938477-1796994327-1140","ObjectType":"Computer"},{"ObjectIdentifier":"S-1-5-21-466546139-763938477-1796994327-1139","ObjectType":"Computer"},{"ObjectIdentifier":"S-1-5-21-466546139-763938477-1796994327-1144","ObjectType":"Computer"},{"ObjectIdentifier":"S-1-5-21-466546139-763938477-1796994327-1170","ObjectType":"Computer"},{"ObjectIdentifier":"S-1-5-21-466546139-763938477-1796994327-1145","ObjectType":"Computer"},{"ObjectIdentifier":"S-1-5-21-466546139-763938477-1796994327-1147","ObjectType":"Computer"},{"ObjectIdentifier":"S-1-5-21-466546139-763938477-1796994327-1146","ObjectType":"Computer"},{"ObjectIdentifier":"S-1-5-21-466546139-763938477-1796994327-1148","ObjectType":"Computer"}],"Aces":[{"PrincipalSID":"S-1-5-21-466546139-763938477-1796994327-512","PrincipalType":"Group","RightName":"Owns","IsInherited":false},{"PrincipalSID":"S-1-5-21-466546139-763938477-1796994327-512","PrincipalType":"Group","RightName":"GenericAll","IsInherited":false},{"PrincipalSID":"S-1-5-21-466546139-763938477-1796994327-519","PrincipalType":"Group","RightName":"GenericAll","IsInherited":true},{"PrincipalSID":"SVCORP.COM-S-1-5-32-544","PrincipalType":"Group","RightName":"WriteDacl","IsInherited":true},{"PrincipalSID":"SVCORP.COM-S-1-5-32-544","PrincipalType":"Group","RightName":"WriteOwner","IsInherited":true}],"ObjectIdentifier":"B0D2CB46-F39B-4E90-939B-982C632F999E","IsDeleted":false,"IsACLProtected":false},{"GPOChanges":{"LocalAdmins":[{"ObjectIdentifier":"S-1-5-21-466546139-763938477-1796994327-519","ObjectType":"Group"},{"ObjectIdentifier":"S-1-5-21-466546139-763938477-1796994327-512","ObjectType":"Group"}],"RemoteDesktopUsers":[],"DcomUsers":[],"PSRemoteUsers":[],"AffectedComputers":[{"ObjectIdentifier":"S-1-5-21-466546139-763938477-1796994327-1134","ObjectType":"Computer"},{"ObjectIdentifier":"S-1-5-21-466546139-763938477-1796994327-1135","ObjectType":"Computer"},{"ObjectIdentifier":"S-1-5-21-466546139-763938477-1796994327-1136","ObjectType":"Computer"},{"ObjectIdentifier":"S-1-5-21-466546139-763938477-1796994327-1137","ObjectType":"Computer"},{"ObjectIdentifier":"S-1-5-21-466546139-763938477-1796994327-1138","ObjectType":"Computer"},{"ObjectIdentifier":"S-1-5-21-466546139-763938477-1796994327-1139","ObjectType":"Computer"},{"ObjectIdentifier":"S-1-5-21-466546139-763938477-1796994327-1140","ObjectType":"Computer"},{"ObjectIdentifier":"S-1-5-21-466546139-763938477-1796994327-1141","ObjectType":"Computer"},{"ObjectIdentifier":"S-1-5-21-466546139-763938477-1796994327-1142","ObjectType":"Computer"},{"ObjectIdentifier":"S-1-5-21-466546139-763938477-1796994327-1143","ObjectType":"Computer"},{"ObjectIdentifier":"S-1-5-21-466546139-763938477-1796994327-1144","ObjectType":"Computer"},{"ObjectIdentifier":"S-1-5-21-466546139-763938477-1796994327-1145","ObjectType":"Computer"},{"ObjectIdentifier":"S-1-5-21-466546139-763938477-1796994327-1146","ObjectType":"Computer"},{"ObjectIdentifier":"S-1-5-21-466546139-763938477-1796994327-1147","ObjectType":"Computer"},{"ObjectIdentifier":"S-1-5-21-466546139-763938477-1796994327-1148","ObjectType":"Computer"},{"ObjectIdentifier":"S-1-5-21-466546139-763938477-1796994327-1149","ObjectType":"Computer"},{"ObjectIdentifier":"S-1-5-21-466546139-763938477-1796994327-1150","ObjectType":"Computer"},{"ObjectIdentifier":"S-1-5-21-466546139-763938477-1796994327-1151","ObjectType":"Computer"},{"ObjectIdentifier":"S-1-5-21-466546139-763938477-1796994327-1152","ObjectType":"Computer"},{"ObjectIdentifier":"S-1-5-21-466546139-763938477-1796994327-1153","ObjectType":"Computer"},{"ObjectIdentifier":"S-1-5-21-466546139-763938477-1796994327-1154","ObjectType":"Computer"},{"ObjectIdentifier":"S-1-5-21-466546139-763938477-1796994327-1155","ObjectType":"Computer"},{"ObjectIdentifier":"S-1-5-21-466546139-763938477-1796994327-1156","ObjectType":"Computer"},{"ObjectIdentifier":"S-1-5-21-466546139-763938477-1796994327-1157","ObjectType":"Computer"},{"ObjectIdentifier":"S-1-5-21-466546139-763938477-1796994327-1158","ObjectType":"Computer"},{"ObjectIdentifier":"S-1-5-21-466546139-763938477-1796994327-1159","ObjectType":"Computer"},{"ObjectIdentifier":"S-1-5-21-466546139-763938477-1796994327-1160","ObjectType":"Computer"},{"ObjectIdentifier":"S-1-5-21-466546139-763938477-1796994327-1161","ObjectType":"Computer"},{"ObjectIdentifier":"S-1-5-21-466546139-763938477-1796994327-1162","ObjectType":"Computer"},{"ObjectIdentifier":"S-1-5-21-466546139-763938477-1796994327-1163","ObjectType":"Computer"},{"ObjectIdentifier":"S-1-5-21-466546139-763938477-1796994327-1164","ObjectType":"Computer"},{"ObjectIdentifier":"S-1-5-21-466546139-763938477-1796994327-1165","ObjectType":"Computer"},{"ObjectIdentifier":"S-1-5-21-466546139-763938477-1796994327-1166","ObjectType":"Computer"},{"ObjectIdentifier":"S-1-5-21-466546139-763938477-1796994327-1167","ObjectType":"Computer"},{"ObjectIdentifier":"S-1-5-21-466546139-763938477-1796994327-1168","ObjectType":"Computer"},{"ObjectIdentifier":"S-1-5-21-466546139-763938477-1796994327-1170","ObjectType":"Computer"},{"ObjectIdentifier":"S-1-5-21-466546139-763938477-1796994327-1171","ObjectType":"Computer"},{"ObjectIdentifier":"S-1-5-21-466546139-763938477-1796994327-1172","ObjectType":"Computer"}]},"Properties":{"domain":"SVCORP.COM","name":"SVMACHINES@SVCORP.COM","distinguishedname":"OU=SVMACHINES,DC=SVCORP,DC=COM","domainsid":"S-1-5-21-466546139-763938477-1796994327","highvalue":false,"description":null,"whencreated":1551968226,"blocksinheritance":false},"Links":[{"IsEnforced":false,"GUID":"01865996-F139-4319-BD6F-80F2421B15FB"}],"ChildObjects":[{"ObjectIdentifier":"B0D2CB46-F39B-4E90-939B-982C632F999E","ObjectType":"OU"},{"ObjectIdentifier":"361B15C9-E89A-4943-BF64-58184A2B9770","ObjectType":"OU"}],"Aces":[{"PrincipalSID":"S-1-5-21-466546139-763938477-1796994327-512","PrincipalType":"Group","RightName":"Owns","IsInherited":false},{"PrincipalSID":"S-1-5-21-466546139-763938477-1796994327-512","PrincipalType":"Group","RightName":"GenericAll","IsInherited":false},{"PrincipalSID":"S-1-5-21-466546139-763938477-1796994327-519","PrincipalType":"Group","RightName":"GenericAll","IsInherited":true},{"PrincipalSID":"SVCORP.COM-S-1-5-32-544","PrincipalType":"Group","RightName":"WriteDacl","IsInherited":true},{"PrincipalSID":"SVCORP.COM-S-1-5-32-544","PrincipalType":"Group","RightName":"WriteOwner","IsInherited":true}],"ObjectIdentifier":"20CB0D77-313C-47D4-8B23-5DA20D9F8E3C","IsDeleted":false,"IsACLProtected":false},{"GPOChanges":{"LocalAdmins":[{"ObjectIdentifier":"S-1-5-21-466546139-763938477-1796994327-1132","ObjectType":"Group"}],"RemoteDesktopUsers":[],"DcomUsers":[],"PSRemoteUsers":[],"AffectedComputers":[{"ObjectIdentifier":"S-1-5-21-466546139-763938477-1796994327-1165","ObjectType":"Computer"},{"ObjectIdentifier":"S-1-5-21-466546139-763938477-1796994327-1166","ObjectType":"Computer"},{"ObjectIdentifier":"S-1-5-21-466546139-763938477-1796994327-1167","ObjectType":"Computer"},{"ObjectIdentifier":"S-1-5-21-466546139-763938477-1796994327-1168","ObjectType":"Computer"},{"ObjectIdentifier":"S-1-5-21-466546139-763938477-1796994327-1171","ObjectType":"Computer"},{"ObjectIdentifier":"S-1-5-21-466546139-763938477-1796994327-1172","ObjectType":"Computer"},{"ObjectIdentifier":"S-1-5-21-466546139-763938477-1796994327-1149","ObjectType":"Computer"},{"ObjectIdentifier":"S-1-5-21-466546139-763938477-1796994327-1150","ObjectType":"Computer"},{"ObjectIdentifier":"S-1-5-21-466546139-763938477-1796994327-1151","ObjectType":"Computer"},{"ObjectIdentifier":"S-1-5-21-466546139-763938477-1796994327-1152","ObjectType":"Computer"},{"ObjectIdentifier":"S-1-5-21-466546139-763938477-1796994327-1153","ObjectType":"Computer"},{"ObjectIdentifier":"S-1-5-21-466546139-763938477-1796994327-1154","ObjectType":"Computer"},{"ObjectIdentifier":"S-1-5-21-466546139-763938477-1796994327-1155","ObjectType":"Computer"},{"ObjectIdentifier":"S-1-5-21-466546139-763938477-1796994327-1156","ObjectType":"Computer"},{"ObjectIdentifier":"S-1-5-21-466546139-763938477-1796994327-1157","ObjectType":"Computer"},{"ObjectIdentifier":"S-1-5-21-466546139-763938477-1796994327-1158","ObjectType":"Computer"},{"ObjectIdentifier":"S-1-5-21-466546139-763938477-1796994327-1159","ObjectType":"Computer"},{"ObjectIdentifier":"S-1-5-21-466546139-763938477-1796994327-1160","ObjectType":"Computer"},{"ObjectIdentifier":"S-1-5-21-466546139-763938477-1796994327-1161","ObjectType":"Computer"},{"ObjectIdentifier":"S-1-5-21-466546139-763938477-1796994327-1162","ObjectType":"Computer"},{"ObjectIdentifier":"S-1-5-21-466546139-763938477-1796994327-1163","ObjectType":"Computer"},{"ObjectIdentifier":"S-1-5-21-466546139-763938477-1796994327-1164","ObjectType":"Computer"}]},"Properties":{"domain":"SVCORP.COM","name":"WORKSTATIONS@SVCORP.COM","distinguishedname":"OU=WORKSTATIONS,OU=SVMACHINES,DC=SVCORP,DC=COM","domainsid":"S-1-5-21-466546139-763938477-1796994327","highvalue":false,"description":null,"whencreated":1551968226,"blocksinheritance":false},"Links":[{"IsEnforced":false,"GUID":"3215992C-4CF7-4008-B75C-DF8C4662546C"}],"ChildObjects":[{"ObjectIdentifier":"S-1-5-21-466546139-763938477-1796994327-1149","ObjectType":"Computer"},{"ObjectIdentifier":"S-1-5-21-466546139-763938477-1796994327-1163","ObjectType":"Computer"},{"ObjectIdentifier":"S-1-5-21-466546139-763938477-1796994327-1164","ObjectType":"Computer"},{"ObjectIdentifier":"S-1-5-21-466546139-763938477-1796994327-1150","ObjectType":"Computer"},{"ObjectIdentifier":"S-1-5-21-466546139-763938477-1796994327-1172","ObjectType":"Computer"},{"ObjectIdentifier":"S-1-5-21-466546139-763938477-1796994327-1151","ObjectType":"Computer"},{"ObjectIdentifier":"S-1-5-21-466546139-763938477-1796994327-1152","ObjectType":"Computer"},{"ObjectIdentifier":"S-1-5-21-466546139-763938477-1796994327-1165","ObjectType":"Computer"},{"ObjectIdentifier":"S-1-5-21-466546139-763938477-1796994327-1166","ObjectType":"Computer"},{"ObjectIdentifier":"S-1-5-21-466546139-763938477-1796994327-1167","ObjectType":"Computer"},{"ObjectIdentifier":"S-1-5-21-466546139-763938477-1796994327-1168","ObjectType":"Computer"},{"ObjectIdentifier":"S-1-5-21-466546139-763938477-1796994327-1154","ObjectType":"Computer"},{"ObjectIdentifier":"S-1-5-21-466546139-763938477-1796994327-1157","ObjectType":"Computer"},{"ObjectIdentifier":"S-1-5-21-466546139-763938477-1796994327-1153","ObjectType":"Computer"},{"ObjectIdentifier":"S-1-5-21-466546139-763938477-1796994327-1159","ObjectType":"Computer"},{"ObjectIdentifier":"S-1-5-21-466546139-763938477-1796994327-1160","ObjectType":"Computer"},{"ObjectIdentifier":"S-1-5-21-466546139-763938477-1796994327-1161","ObjectType":"Computer"},{"ObjectIdentifier":"S-1-5-21-466546139-763938477-1796994327-1162","ObjectType":"Computer"},{"ObjectIdentifier":"S-1-5-21-466546139-763938477-1796994327-1158","ObjectType":"Computer"},{"ObjectIdentifier":"S-1-5-21-466546139-763938477-1796994327-1155","ObjectType":"Computer"},{"ObjectIdentifier":"S-1-5-21-466546139-763938477-1796994327-1171","ObjectType":"Computer"},{"ObjectIdentifier":"S-1-5-21-466546139-763938477-1796994327-1156","ObjectType":"Computer"}],"Aces":[{"PrincipalSID":"S-1-5-21-466546139-763938477-1796994327-512","PrincipalType":"Group","RightName":"Owns","IsInherited":false},{"PrincipalSID":"S-1-5-21-466546139-763938477-1796994327-512","PrincipalType":"Group","RightName":"GenericAll","IsInherited":false},{"PrincipalSID":"S-1-5-21-466546139-763938477-1796994327-519","PrincipalType":"Group","RightName":"GenericAll","IsInherited":true},{"PrincipalSID":"SVCORP.COM-S-1-5-32-544","PrincipalType":"Group","RightName":"WriteDacl","IsInherited":true},{"PrincipalSID":"SVCORP.COM-S-1-5-32-544","PrincipalType":"Group","RightName":"WriteOwner","IsInherited":true}],"ObjectIdentifier":"361B15C9-E89A-4943-BF64-58184A2B9770","IsDeleted":false,"IsACLProtected":false}],"meta":{"methods":29695,"type":"ous","count":12,"version":5}}