﻿{"data":[{"Properties":{"domain":"SVCORP.COM","name":"SV-APP51.SVCORP.COM","distinguishedname":"CN=SV-APP51,OU=SERVERS,OU=SVMACHINES,DC=SVCORP,DC=COM","domainsid":"S-1-5-21-466546139-763938477-1796994327","highvalue":false,"samaccountname":"sv-app51$","haslaps":false,"description":null,"whencreated":1551968233,"enabled":true,"unconstraineddelegation":false,"trustedtoauth":false,"lastlogon":0,"lastlogontimestamp":-1,"pwdlastset":1551968233,"serviceprincipalnames":[],"operatingsystem":null,"sidhistory":[]},"PrimaryGroupSID":"S-1-5-21-466546139-763938477-1796994327-515","AllowedToDelegate":[],"AllowedToAct":[],"HasSIDHistory":[],"Sessions":{"Results":[],"Collected":false,"FailureReason":null},"PrivilegedSessions":{"Results":[],"Collected":false,"FailureReason":null},"RegistrySessions":{"Results":[],"Collected":false,"FailureReason":null},"LocalAdmins":{"Results":[],"Collected":false,"FailureReason":null},"RemoteDesktopUsers":{"Results":[],"Collected":false,"FailureReason":null},"DcomUsers":{"Results":[],"Collected":false,"FailureReason":null},"PSRemoteUsers":{"Results":[],"Collected":false,"FailureReason":null},"Status":null,"Aces":[{"PrincipalSID":"S-1-5-21-466546139-763938477-1796994327-512","PrincipalType":"Group","RightName":"Owns","IsInherited":false},{"PrincipalSID":"SVCORP.COM-S-1-5-32-548","PrincipalType":"Group","RightName":"GenericAll","IsInherited":false},{"PrincipalSID":"S-1-5-21-466546139-763938477-1796994327-512","PrincipalType":"Group","RightName":"GenericAll","IsInherited":false},{"PrincipalSID":"S-1-5-21-466546139-763938477-1796994327-526","PrincipalType":"Group","RightName":"AddKeyCredentialLink","IsInherited":true},{"PrincipalSID":"S-1-5-21-466546139-763938477-1796994327-527","PrincipalType":"Group","RightName":"AddKeyCredentialLink","IsInherited":true},{"PrincipalSID":"S-1-5-21-466546139-763938477-1796994327-519","PrincipalType":"Group","RightName":"GenericAll","IsInherited":true},{"PrincipalSID":"SVCORP.COM-S-1-5-32-544","PrincipalType":"Group","RightName":"WriteDacl","IsInherited":true},{"PrincipalSID":"SVCORP.COM-S-1-5-32-544","PrincipalType":"Group","RightName":"WriteOwner","IsInherited":true},{"PrincipalSID":"SVCORP.COM-S-1-5-32-544","PrincipalType":"Group","RightName":"GenericWrite","IsInherited":true}],"ObjectIdentifier":"S-1-5-21-466546139-763938477-1796994327-1140","IsDeleted":false,"IsACLProtected":false},{"Properties":{"domain":"SVCORP.COM","name":"SV-APP09.SVCORP.COM","distinguishedname":"CN=SV-APP09,OU=SERVERS,OU=SVMACHINES,DC=SVCORP,DC=COM","domainsid":"S-1-5-21-466546139-763938477-1796994327","highvalue":false,"samaccountname":"sv-app09$","haslaps":false,"description":null,"whencreated":1551968233,"enabled":true,"unconstraineddelegation":false,"trustedtoauth":false,"lastlogon":0,"lastlogontimestamp":-1,"pwdlastset":1551968233,"serviceprincipalnames":[],"operatingsystem":null,"sidhistory":[]},"PrimaryGroupSID":"S-1-5-21-466546139-763938477-1796994327-515","AllowedToDelegate":[],"AllowedToAct":[],"HasSIDHistory":[],"Sessions":{"Results":[],"Collected":false,"FailureReason":null},"PrivilegedSessions":{"Results":[],"Collected":false,"FailureReason":null},"RegistrySessions":{"Results":[],"Collected":false,"FailureReason":null},"LocalAdmins":{"Results":[],"Collected":false,"FailureReason":null},"RemoteDesktopUsers":{"Results":[],"Collected":false,"FailureReason":null},"DcomUsers":{"Results":[],"Collected":false,"FailureReason":null},"PSRemoteUsers":{"Results":[],"Collected":false,"FailureReason":null},"Status":null,"Aces":[{"PrincipalSID":"S-1-5-21-466546139-763938477-1796994327-512","PrincipalType":"Group","RightName":"Owns","IsInherited":false},{"PrincipalSID":"SVCORP.COM-S-1-5-32-548","PrincipalType":"Group","RightName":"GenericAll","IsInherited":false},{"PrincipalSID":"S-1-5-21-466546139-763938477-1796994327-512","PrincipalType":"Group","RightName":"GenericAll","IsInherited":false},{"PrincipalSID":"S-1-5-21-466546139-763938477-1796994327-526","PrincipalType":"Group","RightName":"AddKeyCredentialLink","IsInherited":true},{"PrincipalSID":"S-1-5-21-466546139-763938477-1796994327-527","PrincipalType":"Group","RightName":"AddKeyCredentialLink","IsInherited":true},{"PrincipalSID":"S-1-5-21-466546139-763938477-1796994327-519","PrincipalType":"Group","RightName":"GenericAll","IsInherited":true},{"PrincipalSID":"SVCORP.COM-S-1-5-32-544","PrincipalType":"Group","RightName":"WriteDacl","IsInherited":true},{"PrincipalSID":"SVCORP.COM-S-1-5-32-544","PrincipalType":"Group","RightName":"WriteOwner","IsInherited":true},{"PrincipalSID":"SVCORP.COM-S-1-5-32-544","PrincipalType":"Group","RightName":"GenericWrite","IsInherited":true}],"ObjectIdentifier":"S-1-5-21-466546139-763938477-1796994327-1141","IsDeleted":false,"IsACLProtected":false},{"Properties":{"domain":"SVCORP.COM","name":"SV-APP13.SVCORP.COM","distinguishedname":"CN=SV-APP13,OU=SERVERS,OU=SVMACHINES,DC=SVCORP,DC=COM","domainsid":"S-1-5-21-466546139-763938477-1796994327","highvalue":false,"samaccountname":"sv-app13$","haslaps":false,"description":null,"whencreated":1551968233,"enabled":true,"unconstraineddelegation":false,"trustedtoauth":false,"lastlogon":0,"lastlogontimestamp":-1,"pwdlastset":1551968233,"serviceprincipalnames":[],"operatingsystem":null,"sidhistory":[]},"PrimaryGroupSID":"S-1-5-21-466546139-763938477-1796994327-515","AllowedToDelegate":[],"AllowedToAct":[],"HasSIDHistory":[],"Sessions":{"Results":[],"Collected":false,"FailureReason":null},"PrivilegedSessions":{"Results":[],"Collected":false,"FailureReason":null},"RegistrySessions":{"Results":[],"Collected":false,"FailureReason":null},"LocalAdmins":{"Results":[],"Collected":false,"FailureReason":null},"RemoteDesktopUsers":{"Results":[],"Collected":false,"FailureReason":null},"DcomUsers":{"Results":[],"Collected":false,"FailureReason":null},"PSRemoteUsers":{"Results":[],"Collected":false,"FailureReason":null},"Status":null,"Aces":[{"PrincipalSID":"S-1-5-21-466546139-763938477-1796994327-512","PrincipalType":"Group","RightName":"Owns","IsInherited":false},{"PrincipalSID":"SVCORP.COM-S-1-5-32-548","PrincipalType":"Group","RightName":"GenericAll","IsInherited":false},{"PrincipalSID":"S-1-5-21-466546139-763938477-1796994327-512","PrincipalType":"Group","RightName":"GenericAll","IsInherited":false},{"PrincipalSID":"S-1-5-21-466546139-763938477-1796994327-526","PrincipalType":"Group","RightName":"AddKeyCredentialLink","IsInherited":true},{"PrincipalSID":"S-1-5-21-466546139-763938477-1796994327-527","PrincipalType":"Group","RightName":"AddKeyCredentialLink","IsInherited":true},{"PrincipalSID":"S-1-5-21-466546139-763938477-1796994327-519","PrincipalType":"Group","RightName":"GenericAll","IsInherited":true},{"PrincipalSID":"SVCORP.COM-S-1-5-32-544","PrincipalType":"Group","RightName":"WriteDacl","IsInherited":true},{"PrincipalSID":"SVCORP.COM-S-1-5-32-544","PrincipalType":"Group","RightName":"WriteOwner","IsInherited":true},{"PrincipalSID":"SVCORP.COM-S-1-5-32-544","PrincipalType":"Group","RightName":"GenericWrite","IsInherited":true}],"ObjectIdentifier":"S-1-5-21-466546139-763938477-1796994327-1142","IsDeleted":false,"IsACLProtected":false},{"Properties":{"domain":"SVCORP.COM","name":"SV-APP43.SVCORP.COM","distinguishedname":"CN=SV-APP43,OU=SERVERS,OU=SVMACHINES,DC=SVCORP,DC=COM","domainsid":"S-1-5-21-466546139-763938477-1796994327","highvalue":false,"samaccountname":"sv-app43$","haslaps":false,"description":null,"whencreated":1551968233,"enabled":true,"unconstraineddelegation":false,"trustedtoauth":false,"lastlogon":0,"lastlogontimestamp":-1,"pwdlastset":1551968233,"serviceprincipalnames":[],"operatingsystem":null,"sidhistory":[]},"PrimaryGroupSID":"S-1-5-21-466546139-763938477-1796994327-515","AllowedToDelegate":[],"AllowedToAct":[],"HasSIDHistory":[],"Sessions":{"Results":[],"Collected":false,"FailureReason":null},"PrivilegedSessions":{"Results":[],"Collected":false,"FailureReason":null},"RegistrySessions":{"Results":[],"Collected":false,"FailureReason":null},"LocalAdmins":{"Results":[],"Collected":false,"FailureReason":null},"RemoteDesktopUsers":{"Results":[],"Collected":false,"FailureReason":null},"DcomUsers":{"Results":[],"Collected":false,"FailureReason":null},"PSRemoteUsers":{"Results":[],"Collected":false,"FailureReason":null},"Status":null,"Aces":[{"PrincipalSID":"S-1-5-21-466546139-763938477-1796994327-512","PrincipalType":"Group","RightName":"Owns","IsInherited":false},{"PrincipalSID":"SVCORP.COM-S-1-5-32-548","PrincipalType":"Group","RightName":"GenericAll","IsInherited":false},{"PrincipalSID":"S-1-5-21-466546139-763938477-1796994327-512","PrincipalType":"Group","RightName":"GenericAll","IsInherited":false},{"PrincipalSID":"S-1-5-21-466546139-763938477-1796994327-526","PrincipalType":"Group","RightName":"AddKeyCredentialLink","IsInherited":true},{"PrincipalSID":"S-1-5-21-466546139-763938477-1796994327-527","PrincipalType":"Group","RightName":"AddKeyCredentialLink","IsInherited":true},{"PrincipalSID":"S-1-5-21-466546139-763938477-1796994327-519","PrincipalType":"Group","RightName":"GenericAll","IsInherited":true},{"PrincipalSID":"SVCORP.COM-S-1-5-32-544","PrincipalType":"Group","RightName":"WriteDacl","IsInherited":true},{"PrincipalSID":"SVCORP.COM-S-1-5-32-544","PrincipalType":"Group","RightName":"WriteOwner","IsInherited":true},{"PrincipalSID":"SVCORP.COM-S-1-5-32-544","PrincipalType":"Group","RightName":"GenericWrite","IsInherited":true}],"ObjectIdentifier":"S-1-5-21-466546139-763938477-1796994327-1143","IsDeleted":false,"IsACLProtected":false},{"Properties":{"domain":"SVCORP.COM","name":"SV-APP65.SVCORP.COM","distinguishedname":"CN=SV-APP65,OU=SERVERS,OU=SVMACHINES,DC=SVCORP,DC=COM","domainsid":"S-1-5-21-466546139-763938477-1796994327","highvalue":false,"samaccountname":"sv-app65$","haslaps":false,"description":null,"whencreated":1551968233,"enabled":true,"unconstraineddelegation":false,"trustedtoauth":false,"lastlogon":0,"lastlogontimestamp":-1,"pwdlastset":1551968233,"serviceprincipalnames":[],"operatingsystem":null,"sidhistory":[]},"PrimaryGroupSID":"S-1-5-21-466546139-763938477-1796994327-515","AllowedToDelegate":[],"AllowedToAct":[],"HasSIDHistory":[],"Sessions":{"Results":[],"Collected":false,"FailureReason":null},"PrivilegedSessions":{"Results":[],"Collected":false,"FailureReason":null},"RegistrySessions":{"Results":[],"Collected":false,"FailureReason":null},"LocalAdmins":{"Results":[],"Collected":false,"FailureReason":null},"RemoteDesktopUsers":{"Results":[],"Collected":false,"FailureReason":null},"DcomUsers":{"Results":[],"Collected":false,"FailureReason":null},"PSRemoteUsers":{"Results":[],"Collected":false,"FailureReason":null},"Status":null,"Aces":[{"PrincipalSID":"S-1-5-21-466546139-763938477-1796994327-512","PrincipalType":"Group","RightName":"Owns","IsInherited":false},{"PrincipalSID":"SVCORP.COM-S-1-5-32-548","PrincipalType":"Group","RightName":"GenericAll","IsInherited":false},{"PrincipalSID":"S-1-5-21-466546139-763938477-1796994327-512","PrincipalType":"Group","RightName":"GenericAll","IsInherited":false},{"PrincipalSID":"S-1-5-21-466546139-763938477-1796994327-526","PrincipalType":"Group","RightName":"AddKeyCredentialLink","IsInherited":true},{"PrincipalSID":"S-1-5-21-466546139-763938477-1796994327-527","PrincipalType":"Group","RightName":"AddKeyCredentialLink","IsInherited":true},{"PrincipalSID":"S-1-5-21-466546139-763938477-1796994327-519","PrincipalType":"Group","RightName":"GenericAll","IsInherited":true},{"PrincipalSID":"SVCORP.COM-S-1-5-32-544","PrincipalType":"Group","RightName":"WriteDacl","IsInherited":true},{"PrincipalSID":"SVCORP.COM-S-1-5-32-544","PrincipalType":"Group","RightName":"WriteOwner","IsInherited":true},{"PrincipalSID":"SVCORP.COM-S-1-5-32-544","PrincipalType":"Group","RightName":"GenericWrite","IsInherited":true}],"ObjectIdentifier":"S-1-5-21-466546139-763938477-1796994327-1144","IsDeleted":false,"IsACLProtected":false},{"Properties":{"domain":"SVCORP.COM","name":"SV-FILE02.SVCORP.COM","distinguishedname":"CN=SV-FILE02,OU=SERVERS,OU=SVMACHINES,DC=SVCORP,DC=COM","domainsid":"S-1-5-21-466546139-763938477-1796994327","highvalue":false,"samaccountname":"sv-file02$","haslaps":false,"description":null,"whencreated":1551968234,"enabled":true,"unconstraineddelegation":false,"trustedtoauth":false,"lastlogon":0,"lastlogontimestamp":-1,"pwdlastset":1551968234,"serviceprincipalnames":[],"operatingsystem":null,"sidhistory":[]},"PrimaryGroupSID":"S-1-5-21-466546139-763938477-1796994327-515","AllowedToDelegate":[],"AllowedToAct":[],"HasSIDHistory":[],"Sessions":{"Results":[],"Collected":false,"FailureReason":null},"PrivilegedSessions":{"Results":[],"Collected":false,"FailureReason":null},"RegistrySessions":{"Results":[],"Collected":false,"FailureReason":null},"LocalAdmins":{"Results":[],"Collected":false,"FailureReason":null},"RemoteDesktopUsers":{"Results":[],"Collected":false,"FailureReason":null},"DcomUsers":{"Results":[],"Collected":false,"FailureReason":null},"PSRemoteUsers":{"Results":[],"Collected":false,"FailureReason":null},"Status":null,"Aces":[{"PrincipalSID":"S-1-5-21-466546139-763938477-1796994327-512","PrincipalType":"Group","RightName":"Owns","IsInherited":false},{"PrincipalSID":"SVCORP.COM-S-1-5-32-548","PrincipalType":"Group","RightName":"GenericAll","IsInherited":false},{"PrincipalSID":"S-1-5-21-466546139-763938477-1796994327-512","PrincipalType":"Group","RightName":"GenericAll","IsInherited":false},{"PrincipalSID":"S-1-5-21-466546139-763938477-1796994327-526","PrincipalType":"Group","RightName":"AddKeyCredentialLink","IsInherited":true},{"PrincipalSID":"S-1-5-21-466546139-763938477-1796994327-527","PrincipalType":"Group","RightName":"AddKeyCredentialLink","IsInherited":true},{"PrincipalSID":"S-1-5-21-466546139-763938477-1796994327-519","PrincipalType":"Group","RightName":"GenericAll","IsInherited":true},{"PrincipalSID":"SVCORP.COM-S-1-5-32-544","PrincipalType":"Group","RightName":"WriteDacl","IsInherited":true},{"PrincipalSID":"SVCORP.COM-S-1-5-32-544","PrincipalType":"Group","RightName":"WriteOwner","IsInherited":true},{"PrincipalSID":"SVCORP.COM-S-1-5-32-544","PrincipalType":"Group","RightName":"GenericWrite","IsInherited":true}],"ObjectIdentifier":"S-1-5-21-466546139-763938477-1796994327-1145","IsDeleted":false,"IsACLProtected":false},{"Properties":{"domain":"SVCORP.COM","name":"SV-FILE05.SVCORP.COM","distinguishedname":"CN=SV-FILE05,OU=SERVERS,OU=SVMACHINES,DC=SVCORP,DC=COM","domainsid":"S-1-5-21-466546139-763938477-1796994327","highvalue":false,"samaccountname":"sv-file05$","haslaps":false,"description":null,"whencreated":1551968234,"enabled":true,"unconstraineddelegation":false,"trustedtoauth":false,"lastlogon":0,"lastlogontimestamp":-1,"pwdlastset":1551968234,"serviceprincipalnames":[],"operatingsystem":null,"sidhistory":[]},"PrimaryGroupSID":"S-1-5-21-466546139-763938477-1796994327-515","AllowedToDelegate":[],"AllowedToAct":[],"HasSIDHistory":[],"Sessions":{"Results":[],"Collected":false,"FailureReason":null},"PrivilegedSessions":{"Results":[],"Collected":false,"FailureReason":null},"RegistrySessions":{"Results":[],"Collected":false,"FailureReason":null},"LocalAdmins":{"Results":[],"Collected":false,"FailureReason":null},"RemoteDesktopUsers":{"Results":[],"Collected":false,"FailureReason":null},"DcomUsers":{"Results":[],"Collected":false,"FailureReason":null},"PSRemoteUsers":{"Results":[],"Collected":false,"FailureReason":null},"Status":null,"Aces":[{"PrincipalSID":"S-1-5-21-466546139-763938477-1796994327-512","PrincipalType":"Group","RightName":"Owns","IsInherited":false},{"PrincipalSID":"SVCORP.COM-S-1-5-32-548","PrincipalType":"Group","RightName":"GenericAll","IsInherited":false},{"PrincipalSID":"S-1-5-21-466546139-763938477-1796994327-512","PrincipalType":"Group","RightName":"GenericAll","IsInherited":false},{"PrincipalSID":"S-1-5-21-466546139-763938477-1796994327-526","PrincipalType":"Group","RightName":"AddKeyCredentialLink","IsInherited":true},{"PrincipalSID":"S-1-5-21-466546139-763938477-1796994327-527","PrincipalType":"Group","RightName":"AddKeyCredentialLink","IsInherited":true},{"PrincipalSID":"S-1-5-21-466546139-763938477-1796994327-519","PrincipalType":"Group","RightName":"GenericAll","IsInherited":true},{"PrincipalSID":"SVCORP.COM-S-1-5-32-544","PrincipalType":"Group","RightName":"WriteDacl","IsInherited":true},{"PrincipalSID":"SVCORP.COM-S-1-5-32-544","PrincipalType":"Group","RightName":"WriteOwner","IsInherited":true},{"PrincipalSID":"SVCORP.COM-S-1-5-32-544","PrincipalType":"Group","RightName":"GenericWrite","IsInherited":true}],"ObjectIdentifier":"S-1-5-21-466546139-763938477-1796994327-1146","IsDeleted":false,"IsACLProtected":false},{"Properties":{"domain":"SVCORP.COM","name":"SV-FILE03.SVCORP.COM","distinguishedname":"CN=SV-FILE03,OU=SERVERS,OU=SVMACHINES,DC=SVCORP,DC=COM","domainsid":"S-1-5-21-466546139-763938477-1796994327","highvalue":false,"samaccountname":"sv-file03$","haslaps":false,"description":null,"whencreated":1551968234,"enabled":true,"unconstraineddelegation":false,"trustedtoauth":false,"lastlogon":0,"lastlogontimestamp":-1,"pwdlastset":1551968234,"serviceprincipalnames":[],"operatingsystem":null,"sidhistory":[]},"PrimaryGroupSID":"S-1-5-21-466546139-763938477-1796994327-515","AllowedToDelegate":[],"AllowedToAct":[],"HasSIDHistory":[],"Sessions":{"Results":[],"Collected":false,"FailureReason":null},"PrivilegedSessions":{"Results":[],"Collected":false,"FailureReason":null},"RegistrySessions":{"Results":[],"Collected":false,"FailureReason":null},"LocalAdmins":{"Results":[],"Collected":false,"FailureReason":null},"RemoteDesktopUsers":{"Results":[],"Collected":false,"FailureReason":null},"DcomUsers":{"Results":[],"Collected":false,"FailureReason":null},"PSRemoteUsers":{"Results":[],"Collected":false,"FailureReason":null},"Status":null,"Aces":[{"PrincipalSID":"S-1-5-21-466546139-763938477-1796994327-512","PrincipalType":"Group","RightName":"Owns","IsInherited":false},{"PrincipalSID":"SVCORP.COM-S-1-5-32-548","PrincipalType":"Group","RightName":"GenericAll","IsInherited":false},{"PrincipalSID":"S-1-5-21-466546139-763938477-1796994327-512","PrincipalType":"Group","RightName":"GenericAll","IsInherited":false},{"PrincipalSID":"S-1-5-21-466546139-763938477-1796994327-526","PrincipalType":"Group","RightName":"AddKeyCredentialLink","IsInherited":true},{"PrincipalSID":"S-1-5-21-466546139-763938477-1796994327-527","PrincipalType":"Group","RightName":"AddKeyCredentialLink","IsInherited":true},{"PrincipalSID":"S-1-5-21-466546139-763938477-1796994327-519","PrincipalType":"Group","RightName":"GenericAll","IsInherited":true},{"PrincipalSID":"SVCORP.COM-S-1-5-32-544","PrincipalType":"Group","RightName":"WriteDacl","IsInherited":true},{"PrincipalSID":"SVCORP.COM-S-1-5-32-544","PrincipalType":"Group","RightName":"WriteOwner","IsInherited":true},{"PrincipalSID":"SVCORP.COM-S-1-5-32-544","PrincipalType":"Group","RightName":"GenericWrite","IsInherited":true}],"ObjectIdentifier":"S-1-5-21-466546139-763938477-1796994327-1147","IsDeleted":false,"IsACLProtected":false},{"Properties":{"domain":"SVCORP.COM","name":"SV-FILE09.SVCORP.COM","distinguishedname":"CN=SV-FILE09,OU=SERVERS,OU=SVMACHINES,DC=SVCORP,DC=COM","domainsid":"S-1-5-21-466546139-763938477-1796994327","highvalue":false,"samaccountname":"sv-file09$","haslaps":false,"description":null,"whencreated":1551968234,"enabled":true,"unconstraineddelegation":false,"trustedtoauth":false,"lastlogon":0,"lastlogontimestamp":-1,"pwdlastset":1551968234,"serviceprincipalnames":[],"operatingsystem":null,"sidhistory":[]},"PrimaryGroupSID":"S-1-5-21-466546139-763938477-1796994327-515","AllowedToDelegate":[],"AllowedToAct":[],"HasSIDHistory":[],"Sessions":{"Results":[],"Collected":false,"FailureReason":null},"PrivilegedSessions":{"Results":[],"Collected":false,"FailureReason":null},"RegistrySessions":{"Results":[],"Collected":false,"FailureReason":null},"LocalAdmins":{"Results":[],"Collected":false,"FailureReason":null},"RemoteDesktopUsers":{"Results":[],"Collected":false,"FailureReason":null},"DcomUsers":{"Results":[],"Collected":false,"FailureReason":null},"PSRemoteUsers":{"Results":[],"Collected":false,"FailureReason":null},"Status":null,"Aces":[{"PrincipalSID":"S-1-5-21-466546139-763938477-1796994327-512","PrincipalType":"Group","RightName":"Owns","IsInherited":false},{"PrincipalSID":"SVCORP.COM-S-1-5-32-548","PrincipalType":"Group","RightName":"GenericAll","IsInherited":false},{"PrincipalSID":"S-1-5-21-466546139-763938477-1796994327-512","PrincipalType":"Group","RightName":"GenericAll","IsInherited":false},{"PrincipalSID":"S-1-5-21-466546139-763938477-1796994327-526","PrincipalType":"Group","RightName":"AddKeyCredentialLink","IsInherited":true},{"PrincipalSID":"S-1-5-21-466546139-763938477-1796994327-527","PrincipalType":"Group","RightName":"AddKeyCredentialLink","IsInherited":true},{"PrincipalSID":"S-1-5-21-466546139-763938477-1796994327-519","PrincipalType":"Group","RightName":"GenericAll","IsInherited":true},{"PrincipalSID":"SVCORP.COM-S-1-5-32-544","PrincipalType":"Group","RightName":"WriteDacl","IsInherited":true},{"PrincipalSID":"SVCORP.COM-S-1-5-32-544","PrincipalType":"Group","RightName":"WriteOwner","IsInherited":true},{"PrincipalSID":"SVCORP.COM-S-1-5-32-544","PrincipalType":"Group","RightName":"GenericWrite","IsInherited":true}],"ObjectIdentifier":"S-1-5-21-466546139-763938477-1796994327-1148","IsDeleted":false,"IsACLProtected":false},{"Properties":{"domain":"SVCORP.COM","name":"SVCLIENT01.SVCORP.COM","distinguishedname":"CN=SVCLIENT01,OU=WORKSTATIONS,OU=SVMACHINES,DC=SVCORP,DC=COM","domainsid":"S-1-5-21-466546139-763938477-1796994327","highvalue":false,"samaccountname":"svclient01$","haslaps":false,"description":null,"whencreated":1551968234,"enabled":true,"unconstraineddelegation":false,"trustedtoauth":false,"lastlogon":0,"lastlogontimestamp":-1,"pwdlastset":1551968234,"serviceprincipalnames":[],"operatingsystem":null,"sidhistory":[]},"PrimaryGroupSID":"S-1-5-21-466546139-763938477-1796994327-515","AllowedToDelegate":[],"AllowedToAct":[],"HasSIDHistory":[],"Sessions":{"Results":[],"Collected":false,"FailureReason":null},"PrivilegedSessions":{"Results":[],"Collected":false,"FailureReason":null},"RegistrySessions":{"Results":[],"Collected":false,"FailureReason":null},"LocalAdmins":{"Results":[],"Collected":false,"FailureReason":null},"RemoteDesktopUsers":{"Results":[],"Collected":false,"FailureReason":null},"DcomUsers":{"Results":[],"Collected":false,"FailureReason":null},"PSRemoteUsers":{"Results":[],"Collected":false,"FailureReason":null},"Status":null,"Aces":[{"PrincipalSID":"S-1-5-21-466546139-763938477-1796994327-512","PrincipalType":"Group","RightName":"Owns","IsInherited":false},{"PrincipalSID":"SVCORP.COM-S-1-5-32-548","PrincipalType":"Group","RightName":"GenericAll","IsInherited":false},{"PrincipalSID":"S-1-5-21-466546139-763938477-1796994327-512","PrincipalType":"Group","RightName":"GenericAll","IsInherited":false},{"PrincipalSID":"S-1-5-21-466546139-763938477-1796994327-526","PrincipalType":"Group","RightName":"AddKeyCredentialLink","IsInherited":true},{"PrincipalSID":"S-1-5-21-466546139-763938477-1796994327-527","PrincipalType":"Group","RightName":"AddKeyCredentialLink","IsInherited":true},{"PrincipalSID":"S-1-5-21-466546139-763938477-1796994327-519","PrincipalType":"Group","RightName":"GenericAll","IsInherited":true},{"PrincipalSID":"SVCORP.COM-S-1-5-32-544","PrincipalType":"Group","RightName":"WriteDacl","IsInherited":true},{"PrincipalSID":"SVCORP.COM-S-1-5-32-544","PrincipalType":"Group","RightName":"WriteOwner","IsInherited":true},{"PrincipalSID":"SVCORP.COM-S-1-5-32-544","PrincipalType":"Group","RightName":"GenericWrite","IsInherited":true}],"ObjectIdentifier":"S-1-5-21-466546139-763938477-1796994327-1149","IsDeleted":false,"IsACLProtected":false},{"Properties":{"domain":"SVCORP.COM","name":"SVCLIENT04.SVCORP.COM","distinguishedname":"CN=SVCLIENT04,OU=WORKSTATIONS,OU=SVMACHINES,DC=SVCORP,DC=COM","domainsid":"S-1-5-21-466546139-763938477-1796994327","highvalue":false,"samaccountname":"svclient04$","haslaps":false,"description":null,"whencreated":1551968234,"enabled":true,"unconstraineddelegation":false,"trustedtoauth":false,"lastlogon":0,"lastlogontimestamp":-1,"pwdlastset":1551968234,"serviceprincipalnames":[],"operatingsystem":null,"sidhistory":[]},"PrimaryGroupSID":"S-1-5-21-466546139-763938477-1796994327-515","AllowedToDelegate":[],"AllowedToAct":[],"HasSIDHistory":[],"Sessions":{"Results":[],"Collected":false,"FailureReason":null},"PrivilegedSessions":{"Results":[],"Collected":false,"FailureReason":null},"RegistrySessions":{"Results":[],"Collected":false,"FailureReason":null},"LocalAdmins":{"Results":[],"Collected":false,"FailureReason":null},"RemoteDesktopUsers":{"Results":[],"Collected":false,"FailureReason":null},"DcomUsers":{"Results":[],"Collected":false,"FailureReason":null},"PSRemoteUsers":{"Results":[],"Collected":false,"FailureReason":null},"Status":null,"Aces":[{"PrincipalSID":"S-1-5-21-466546139-763938477-1796994327-512","PrincipalType":"Group","RightName":"Owns","IsInherited":false},{"PrincipalSID":"SVCORP.COM-S-1-5-32-548","PrincipalType":"Group","RightName":"GenericAll","IsInherited":false},{"PrincipalSID":"S-1-5-21-466546139-763938477-1796994327-512","PrincipalType":"Group","RightName":"GenericAll","IsInherited":false},{"PrincipalSID":"S-1-5-21-466546139-763938477-1796994327-526","PrincipalType":"Group","RightName":"AddKeyCredentialLink","IsInherited":true},{"PrincipalSID":"S-1-5-21-466546139-763938477-1796994327-527","PrincipalType":"Group","RightName":"AddKeyCredentialLink","IsInherited":true},{"PrincipalSID":"S-1-5-21-466546139-763938477-1796994327-519","PrincipalType":"Group","RightName":"GenericAll","IsInherited":true},{"PrincipalSID":"SVCORP.COM-S-1-5-32-544","PrincipalType":"Group","RightName":"WriteDacl","IsInherited":true},{"PrincipalSID":"SVCORP.COM-S-1-5-32-544","PrincipalType":"Group","RightName":"WriteOwner","IsInherited":true},{"PrincipalSID":"SVCORP.COM-S-1-5-32-544","PrincipalType":"Group","RightName":"GenericWrite","IsInherited":true}],"ObjectIdentifier":"S-1-5-21-466546139-763938477-1796994327-1150","IsDeleted":false,"IsACLProtected":false},{"Properties":{"domain":"SVCORP.COM","name":"SVCLIENT09.SVCORP.COM","distinguishedname":"CN=SVCLIENT09,OU=WORKSTATIONS,OU=SVMACHINES,DC=SVCORP,DC=COM","domainsid":"S-1-5-21-466546139-763938477-1796994327","highvalue":false,"samaccountname":"svclient09$","haslaps":false,"description":null,"whencreated":1551968234,"enabled":true,"unconstraineddelegation":false,"trustedtoauth":false,"lastlogon":0,"lastlogontimestamp":-1,"pwdlastset":1551968234,"serviceprincipalnames":[],"operatingsystem":null,"sidhistory":[]},"PrimaryGroupSID":"S-1-5-21-466546139-763938477-1796994327-515","AllowedToDelegate":[],"AllowedToAct":[],"HasSIDHistory":[],"Sessions":{"Results":[],"Collected":false,"FailureReason":null},"PrivilegedSessions":{"Results":[],"Collected":false,"FailureReason":null},"RegistrySessions":{"Results":[],"Collected":false,"FailureReason":null},"LocalAdmins":{"Results":[],"Collected":false,"FailureReason":null},"RemoteDesktopUsers":{"Results":[],"Collected":false,"FailureReason":null},"DcomUsers":{"Results":[],"Collected":false,"FailureReason":null},"PSRemoteUsers":{"Results":[],"Collected":false,"FailureReason":null},"Status":null,"Aces":[{"PrincipalSID":"S-1-5-21-466546139-763938477-1796994327-512","PrincipalType":"Group","RightName":"Owns","IsInherited":false},{"PrincipalSID":"SVCORP.COM-S-1-5-32-548","PrincipalType":"Group","RightName":"GenericAll","IsInherited":false},{"PrincipalSID":"S-1-5-21-466546139-763938477-1796994327-512","PrincipalType":"Group","RightName":"GenericAll","IsInherited":false},{"PrincipalSID":"S-1-5-21-466546139-763938477-1796994327-526","PrincipalType":"Group","RightName":"AddKeyCredentialLink","IsInherited":true},{"PrincipalSID":"S-1-5-21-466546139-763938477-1796994327-527","PrincipalType":"Group","RightName":"AddKeyCredentialLink","IsInherited":true},{"PrincipalSID":"S-1-5-21-466546139-763938477-1796994327-519","PrincipalType":"Group","RightName":"GenericAll","IsInherited":true},{"PrincipalSID":"SVCORP.COM-S-1-5-32-544","PrincipalType":"Group","RightName":"WriteDacl","IsInherited":true},{"PrincipalSID":"SVCORP.COM-S-1-5-32-544","PrincipalType":"Group","RightName":"WriteOwner","IsInherited":true},{"PrincipalSID":"SVCORP.COM-S-1-5-32-544","PrincipalType":"Group","RightName":"GenericWrite","IsInherited":true}],"ObjectIdentifier":"S-1-5-21-466546139-763938477-1796994327-1151","IsDeleted":false,"IsACLProtected":false},{"Properties":{"domain":"SVCORP.COM","name":"SVCLIENT11.SVCORP.COM","distinguishedname":"CN=SVCLIENT11,OU=WORKSTATIONS,OU=SVMACHINES,DC=SVCORP,DC=COM","domainsid":"S-1-5-21-466546139-763938477-1796994327","highvalue":false,"samaccountname":"svclient11$","haslaps":false,"description":null,"whencreated":1551968234,"enabled":true,"unconstraineddelegation":false,"trustedtoauth":false,"lastlogon":0,"lastlogontimestamp":-1,"pwdlastset":1551968234,"serviceprincipalnames":[],"operatingsystem":null,"sidhistory":[]},"PrimaryGroupSID":"S-1-5-21-466546139-763938477-1796994327-515","AllowedToDelegate":[],"AllowedToAct":[],"HasSIDHistory":[],"Sessions":{"Results":[],"Collected":false,"FailureReason":null},"PrivilegedSessions":{"Results":[],"Collected":false,"FailureReason":null},"RegistrySessions":{"Results":[],"Collected":false,"FailureReason":null},"LocalAdmins":{"Results":[],"Collected":false,"FailureReason":null},"RemoteDesktopUsers":{"Results":[],"Collected":false,"FailureReason":null},"DcomUsers":{"Results":[],"Collected":false,"FailureReason":null},"PSRemoteUsers":{"Results":[],"Collected":false,"FailureReason":null},"Status":null,"Aces":[{"PrincipalSID":"S-1-5-21-466546139-763938477-1796994327-512","PrincipalType":"Group","RightName":"Owns","IsInherited":false},{"PrincipalSID":"SVCORP.COM-S-1-5-32-548","PrincipalType":"Group","RightName":"GenericAll","IsInherited":false},{"PrincipalSID":"S-1-5-21-466546139-763938477-1796994327-512","PrincipalType":"Group","RightName":"GenericAll","IsInherited":false},{"PrincipalSID":"S-1-5-21-466546139-763938477-1796994327-526","PrincipalType":"Group","RightName":"AddKeyCredentialLink","IsInherited":true},{"PrincipalSID":"S-1-5-21-466546139-763938477-1796994327-527","PrincipalType":"Group","RightName":"AddKeyCredentialLink","IsInherited":true},{"PrincipalSID":"S-1-5-21-466546139-763938477-1796994327-519","PrincipalType":"Group","RightName":"GenericAll","IsInherited":true},{"PrincipalSID":"SVCORP.COM-S-1-5-32-544","PrincipalType":"Group","RightName":"WriteDacl","IsInherited":true},{"PrincipalSID":"SVCORP.COM-S-1-5-32-544","PrincipalType":"Group","RightName":"WriteOwner","IsInherited":true},{"PrincipalSID":"SVCORP.COM-S-1-5-32-544","PrincipalType":"Group","RightName":"GenericWrite","IsInherited":true}],"ObjectIdentifier":"S-1-5-21-466546139-763938477-1796994327-1152","IsDeleted":false,"IsACLProtected":false},{"Properties":{"domain":"SVCORP.COM","name":"SVCLIENT34.SVCORP.COM","distinguishedname":"CN=SVCLIENT34,OU=WORKSTATIONS,OU=SVMACHINES,DC=SVCORP,DC=COM","domainsid":"S-1-5-21-466546139-763938477-1796994327","highvalue":false,"samaccountname":"svclient34$","haslaps":false,"description":null,"whencreated":1551968234,"enabled":true,"unconstraineddelegation":false,"trustedtoauth":false,"lastlogon":0,"lastlogontimestamp":-1,"pwdlastset":1551968234,"serviceprincipalnames":[],"operatingsystem":null,"sidhistory":[]},"PrimaryGroupSID":"S-1-5-21-466546139-763938477-1796994327-515","AllowedToDelegate":[],"AllowedToAct":[],"HasSIDHistory":[],"Sessions":{"Results":[],"Collected":false,"FailureReason":null},"PrivilegedSessions":{"Results":[],"Collected":false,"FailureReason":null},"RegistrySessions":{"Results":[],"Collected":false,"FailureReason":null},"LocalAdmins":{"Results":[],"Collected":false,"FailureReason":null},"RemoteDesktopUsers":{"Results":[],"Collected":false,"FailureReason":null},"DcomUsers":{"Results":[],"Collected":false,"FailureReason":null},"PSRemoteUsers":{"Results":[],"Collected":false,"FailureReason":null},"Status":null,"Aces":[{"PrincipalSID":"S-1-5-21-466546139-763938477-1796994327-512","PrincipalType":"Group","RightName":"Owns","IsInherited":false},{"PrincipalSID":"SVCORP.COM-S-1-5-32-548","PrincipalType":"Group","RightName":"GenericAll","IsInherited":false},{"PrincipalSID":"S-1-5-21-466546139-763938477-1796994327-512","PrincipalType":"Group","RightName":"GenericAll","IsInherited":false},{"PrincipalSID":"S-1-5-21-466546139-763938477-1796994327-526","PrincipalType":"Group","RightName":"AddKeyCredentialLink","IsInherited":true},{"PrincipalSID":"S-1-5-21-466546139-763938477-1796994327-527","PrincipalType":"Group","RightName":"AddKeyCredentialLink","IsInherited":true},{"PrincipalSID":"S-1-5-21-466546139-763938477-1796994327-519","PrincipalType":"Group","RightName":"GenericAll","IsInherited":true},{"PrincipalSID":"SVCORP.COM-S-1-5-32-544","PrincipalType":"Group","RightName":"WriteDacl","IsInherited":true},{"PrincipalSID":"SVCORP.COM-S-1-5-32-544","PrincipalType":"Group","RightName":"WriteOwner","IsInherited":true},{"PrincipalSID":"SVCORP.COM-S-1-5-32-544","PrincipalType":"Group","RightName":"GenericWrite","IsInherited":true}],"ObjectIdentifier":"S-1-5-21-466546139-763938477-1796994327-1153","IsDeleted":false,"IsACLProtected":false},{"Properties":{"domain":"SVCORP.COM","name":"SVCLIENT22.SVCORP.COM","distinguishedname":"CN=SVCLIENT22,OU=WORKSTATIONS,OU=SVMACHINES,DC=SVCORP,DC=COM","domainsid":"S-1-5-21-466546139-763938477-1796994327","highvalue":false,"samaccountname":"svclient22$","haslaps":false,"description":null,"whencreated":1551968234,"enabled":true,"unconstraineddelegation":false,"trustedtoauth":false,"lastlogon":0,"lastlogontimestamp":-1,"pwdlastset":1551968234,"serviceprincipalnames":[],"operatingsystem":null,"sidhistory":[]},"PrimaryGroupSID":"S-1-5-21-466546139-763938477-1796994327-515","AllowedToDelegate":[],"AllowedToAct":[],"HasSIDHistory":[],"Sessions":{"Results":[],"Collected":false,"FailureReason":null},"PrivilegedSessions":{"Results":[],"Collected":false,"FailureReason":null},"RegistrySessions":{"Results":[],"Collected":false,"FailureReason":null},"LocalAdmins":{"Results":[],"Collected":false,"FailureReason":null},"RemoteDesktopUsers":{"Results":[],"Collected":false,"FailureReason":null},"DcomUsers":{"Results":[],"Collected":false,"FailureReason":null},"PSRemoteUsers":{"Results":[],"Collected":false,"FailureReason":null},"Status":null,"Aces":[{"PrincipalSID":"S-1-5-21-466546139-763938477-1796994327-512","PrincipalType":"Group","RightName":"Owns","IsInherited":false},{"PrincipalSID":"SVCORP.COM-S-1-5-32-548","PrincipalType":"Group","RightName":"GenericAll","IsInherited":false},{"PrincipalSID":"S-1-5-21-466546139-763938477-1796994327-512","PrincipalType":"Group","RightName":"GenericAll","IsInherited":false},{"PrincipalSID":"S-1-5-21-466546139-763938477-1796994327-526","PrincipalType":"Group","RightName":"AddKeyCredentialLink","IsInherited":true},{"PrincipalSID":"S-1-5-21-466546139-763938477-1796994327-527","PrincipalType":"Group","RightName":"AddKeyCredentialLink","IsInherited":true},{"PrincipalSID":"S-1-5-21-466546139-763938477-1796994327-519","PrincipalType":"Group","RightName":"GenericAll","IsInherited":true},{"PrincipalSID":"SVCORP.COM-S-1-5-32-544","PrincipalType":"Group","RightName":"WriteDacl","IsInherited":true},{"PrincipalSID":"SVCORP.COM-S-1-5-32-544","PrincipalType":"Group","RightName":"WriteOwner","IsInherited":true},{"PrincipalSID":"SVCORP.COM-S-1-5-32-544","PrincipalType":"Group","RightName":"GenericWrite","IsInherited":true}],"ObjectIdentifier":"S-1-5-21-466546139-763938477-1796994327-1154","IsDeleted":false,"IsACLProtected":false},{"Properties":{"domain":"SVCORP.COM","name":"SVCLIENT56.SVCORP.COM","distinguishedname":"CN=SVCLIENT56,OU=WORKSTATIONS,OU=SVMACHINES,DC=SVCORP,DC=COM","domainsid":"S-1-5-21-466546139-763938477-1796994327","highvalue":false,"samaccountname":"svclient56$","haslaps":false,"description":null,"whencreated":1551968235,"enabled":true,"unconstraineddelegation":false,"trustedtoauth":false,"lastlogon":0,"lastlogontimestamp":-1,"pwdlastset":1551968235,"serviceprincipalnames":[],"operatingsystem":null,"sidhistory":[]},"PrimaryGroupSID":"S-1-5-21-466546139-763938477-1796994327-515","AllowedToDelegate":[],"AllowedToAct":[],"HasSIDHistory":[],"Sessions":{"Results":[],"Collected":false,"FailureReason":null},"PrivilegedSessions":{"Results":[],"Collected":false,"FailureReason":null},"RegistrySessions":{"Results":[],"Collected":false,"FailureReason":null},"LocalAdmins":{"Results":[],"Collected":false,"FailureReason":null},"RemoteDesktopUsers":{"Results":[],"Collected":false,"FailureReason":null},"DcomUsers":{"Results":[],"Collected":false,"FailureReason":null},"PSRemoteUsers":{"Results":[],"Collected":false,"FailureReason":null},"Status":null,"Aces":[{"PrincipalSID":"S-1-5-21-466546139-763938477-1796994327-512","PrincipalType":"Group","RightName":"Owns","IsInherited":false},{"PrincipalSID":"SVCORP.COM-S-1-5-32-548","PrincipalType":"Group","RightName":"GenericAll","IsInherited":false},{"PrincipalSID":"S-1-5-21-466546139-763938477-1796994327-512","PrincipalType":"Group","RightName":"GenericAll","IsInherited":false},{"PrincipalSID":"S-1-5-21-466546139-763938477-1796994327-526","PrincipalType":"Group","RightName":"AddKeyCredentialLink","IsInherited":true},{"PrincipalSID":"S-1-5-21-466546139-763938477-1796994327-527","PrincipalType":"Group","RightName":"AddKeyCredentialLink","IsInherited":true},{"PrincipalSID":"S-1-5-21-466546139-763938477-1796994327-519","PrincipalType":"Group","RightName":"GenericAll","IsInherited":true},{"PrincipalSID":"SVCORP.COM-S-1-5-32-544","PrincipalType":"Group","RightName":"WriteDacl","IsInherited":true},{"PrincipalSID":"SVCORP.COM-S-1-5-32-544","PrincipalType":"Group","RightName":"WriteOwner","IsInherited":true},{"PrincipalSID":"SVCORP.COM-S-1-5-32-544","PrincipalType":"Group","RightName":"GenericWrite","IsInherited":true}],"ObjectIdentifier":"S-1-5-21-466546139-763938477-1796994327-1155","IsDeleted":false,"IsACLProtected":false},{"Properties":{"domain":"SVCORP.COM","name":"SVCLIENT90.SVCORP.COM","distinguishedname":"CN=SVCLIENT90,OU=WORKSTATIONS,OU=SVMACHINES,DC=SVCORP,DC=COM","domainsid":"S-1-5-21-466546139-763938477-1796994327","highvalue":false,"samaccountname":"svclient90$","haslaps":false,"description":null,"whencreated":1551968235,"enabled":true,"unconstraineddelegation":false,"trustedtoauth":false,"lastlogon":0,"lastlogontimestamp":-1,"pwdlastset":1551968235,"serviceprincipalnames":[],"operatingsystem":null,"sidhistory":[]},"PrimaryGroupSID":"S-1-5-21-466546139-763938477-1796994327-515","AllowedToDelegate":[],"AllowedToAct":[],"HasSIDHistory":[],"Sessions":{"Results":[],"Collected":false,"FailureReason":null},"PrivilegedSessions":{"Results":[],"Collected":false,"FailureReason":null},"RegistrySessions":{"Results":[],"Collected":false,"FailureReason":null},"LocalAdmins":{"Results":[],"Collected":false,"FailureReason":null},"RemoteDesktopUsers":{"Results":[],"Collected":false,"FailureReason":null},"DcomUsers":{"Results":[],"Collected":false,"FailureReason":null},"PSRemoteUsers":{"Results":[],"Collected":false,"FailureReason":null},"Status":null,"Aces":[{"PrincipalSID":"S-1-5-21-466546139-763938477-1796994327-512","PrincipalType":"Group","RightName":"Owns","IsInherited":false},{"PrincipalSID":"SVCORP.COM-S-1-5-32-548","PrincipalType":"Group","RightName":"GenericAll","IsInherited":false},{"PrincipalSID":"S-1-5-21-466546139-763938477-1796994327-512","PrincipalType":"Group","RightName":"GenericAll","IsInherited":false},{"PrincipalSID":"S-1-5-21-466546139-763938477-1796994327-526","PrincipalType":"Group","RightName":"AddKeyCredentialLink","IsInherited":true},{"PrincipalSID":"S-1-5-21-466546139-763938477-1796994327-527","PrincipalType":"Group","RightName":"AddKeyCredentialLink","IsInherited":true},{"PrincipalSID":"S-1-5-21-466546139-763938477-1796994327-519","PrincipalType":"Group","RightName":"GenericAll","IsInherited":true},{"PrincipalSID":"SVCORP.COM-S-1-5-32-544","PrincipalType":"Group","RightName":"WriteDacl","IsInherited":true},{"PrincipalSID":"SVCORP.COM-S-1-5-32-544","PrincipalType":"Group","RightName":"WriteOwner","IsInherited":true},{"PrincipalSID":"SVCORP.COM-S-1-5-32-544","PrincipalType":"Group","RightName":"GenericWrite","IsInherited":true}],"ObjectIdentifier":"S-1-5-21-466546139-763938477-1796994327-1156","IsDeleted":false,"IsACLProtected":false},{"Properties":{"domain":"SVCORP.COM","name":"SVCLIENT27.SVCORP.COM","distinguishedname":"CN=SVCLIENT27,OU=WORKSTATIONS,OU=SVMACHINES,DC=SVCORP,DC=COM","domainsid":"S-1-5-21-466546139-763938477-1796994327","highvalue":false,"samaccountname":"svclient27$","haslaps":false,"description":null,"whencreated":1551968235,"enabled":true,"unconstraineddelegation":false,"trustedtoauth":false,"lastlogon":0,"lastlogontimestamp":-1,"pwdlastset":1551968235,"serviceprincipalnames":[],"operatingsystem":null,"sidhistory":[]},"PrimaryGroupSID":"S-1-5-21-466546139-763938477-1796994327-515","AllowedToDelegate":[],"AllowedToAct":[],"HasSIDHistory":[],"Sessions":{"Results":[],"Collected":false,"FailureReason":null},"PrivilegedSessions":{"Results":[],"Collected":false,"FailureReason":null},"RegistrySessions":{"Results":[],"Collected":false,"FailureReason":null},"LocalAdmins":{"Results":[],"Collected":false,"FailureReason":null},"RemoteDesktopUsers":{"Results":[],"Collected":false,"FailureReason":null},"DcomUsers":{"Results":[],"Collected":false,"FailureReason":null},"PSRemoteUsers":{"Results":[],"Collected":false,"FailureReason":null},"Status":null,"Aces":[{"PrincipalSID":"S-1-5-21-466546139-763938477-1796994327-512","PrincipalType":"Group","RightName":"Owns","IsInherited":false},{"PrincipalSID":"SVCORP.COM-S-1-5-32-548","PrincipalType":"Group","RightName":"GenericAll","IsInherited":false},{"PrincipalSID":"S-1-5-21-466546139-763938477-1796994327-512","PrincipalType":"Group","RightName":"GenericAll","IsInherited":false},{"PrincipalSID":"S-1-5-21-466546139-763938477-1796994327-526","PrincipalType":"Group","RightName":"AddKeyCredentialLink","IsInherited":true},{"PrincipalSID":"S-1-5-21-466546139-763938477-1796994327-527","PrincipalType":"Group","RightName":"AddKeyCredentialLink","IsInherited":true},{"PrincipalSID":"S-1-5-21-466546139-763938477-1796994327-519","PrincipalType":"Group","RightName":"GenericAll","IsInherited":true},{"PrincipalSID":"SVCORP.COM-S-1-5-32-544","PrincipalType":"Group","RightName":"WriteDacl","IsInherited":true},{"PrincipalSID":"SVCORP.COM-S-1-5-32-544","PrincipalType":"Group","RightName":"WriteOwner","IsInherited":true},{"PrincipalSID":"SVCORP.COM-S-1-5-32-544","PrincipalType":"Group","RightName":"GenericWrite","IsInherited":true}],"ObjectIdentifier":"S-1-5-21-466546139-763938477-1796994327-1157","IsDeleted":false,"IsACLProtected":false},{"Properties":{"domain":"SVCORP.COM","name":"SVCLIENT47.SVCORP.COM","distinguishedname":"CN=SVCLIENT47,OU=WORKSTATIONS,OU=SVMACHINES,DC=SVCORP,DC=COM","domainsid":"S-1-5-21-466546139-763938477-1796994327","highvalue":false,"samaccountname":"svclient47$","haslaps":false,"description":null,"whencreated":1551968235,"enabled":true,"unconstraineddelegation":false,"trustedtoauth":false,"lastlogon":0,"lastlogontimestamp":-1,"pwdlastset":1551968235,"serviceprincipalnames":[],"operatingsystem":null,"sidhistory":[]},"PrimaryGroupSID":"S-1-5-21-466546139-763938477-1796994327-515","AllowedToDelegate":[],"AllowedToAct":[],"HasSIDHistory":[],"Sessions":{"Results":[],"Collected":false,"FailureReason":null},"PrivilegedSessions":{"Results":[],"Collected":false,"FailureReason":null},"RegistrySessions":{"Results":[],"Collected":false,"FailureReason":null},"LocalAdmins":{"Results":[],"Collected":false,"FailureReason":null},"RemoteDesktopUsers":{"Results":[],"Collected":false,"FailureReason":null},"DcomUsers":{"Results":[],"Collected":false,"FailureReason":null},"PSRemoteUsers":{"Results":[],"Collected":false,"FailureReason":null},"Status":null,"Aces":[{"PrincipalSID":"S-1-5-21-466546139-763938477-1796994327-512","PrincipalType":"Group","RightName":"Owns","IsInherited":false},{"PrincipalSID":"SVCORP.COM-S-1-5-32-548","PrincipalType":"Group","RightName":"GenericAll","IsInherited":false},{"PrincipalSID":"S-1-5-21-466546139-763938477-1796994327-512","PrincipalType":"Group","RightName":"GenericAll","IsInherited":false},{"PrincipalSID":"S-1-5-21-466546139-763938477-1796994327-526","PrincipalType":"Group","RightName":"AddKeyCredentialLink","IsInherited":true},{"PrincipalSID":"S-1-5-21-466546139-763938477-1796994327-527","PrincipalType":"Group","RightName":"AddKeyCredentialLink","IsInherited":true},{"PrincipalSID":"S-1-5-21-466546139-763938477-1796994327-519","PrincipalType":"Group","RightName":"GenericAll","IsInherited":true},{"PrincipalSID":"SVCORP.COM-S-1-5-32-544","PrincipalType":"Group","RightName":"WriteDacl","IsInherited":true},{"PrincipalSID":"SVCORP.COM-S-1-5-32-544","PrincipalType":"Group","RightName":"WriteOwner","IsInherited":true},{"PrincipalSID":"SVCORP.COM-S-1-5-32-544","PrincipalType":"Group","RightName":"GenericWrite","IsInherited":true}],"ObjectIdentifier":"S-1-5-21-466546139-763938477-1796994327-1158","IsDeleted":false,"IsACLProtected":false},{"Properties":{"domain":"SVCORP.COM","name":"SVCLIENT41.SVCORP.COM","distinguishedname":"CN=SVCLIENT41,OU=WORKSTATIONS,OU=SVMACHINES,DC=SVCORP,DC=COM","domainsid":"S-1-5-21-466546139-763938477-1796994327","highvalue":false,"samaccountname":"svclient41$","haslaps":false,"description":null,"whencreated":1551968235,"enabled":true,"unconstraineddelegation":false,"trustedtoauth":false,"lastlogon":0,"lastlogontimestamp":-1,"pwdlastset":1551968235,"serviceprincipalnames":[],"operatingsystem":null,"sidhistory":[]},"PrimaryGroupSID":"S-1-5-21-466546139-763938477-1796994327-515","AllowedToDelegate":[],"AllowedToAct":[],"HasSIDHistory":[],"Sessions":{"Results":[],"Collected":false,"FailureReason":null},"PrivilegedSessions":{"Results":[],"Collected":false,"FailureReason":null},"RegistrySessions":{"Results":[],"Collected":false,"FailureReason":null},"LocalAdmins":{"Results":[],"Collected":false,"FailureReason":null},"RemoteDesktopUsers":{"Results":[],"Collected":false,"FailureReason":null},"DcomUsers":{"Results":[],"Collected":false,"FailureReason":null},"PSRemoteUsers":{"Results":[],"Collected":false,"FailureReason":null},"Status":null,"Aces":[{"PrincipalSID":"S-1-5-21-466546139-763938477-1796994327-512","PrincipalType":"Group","RightName":"Owns","IsInherited":false},{"PrincipalSID":"SVCORP.COM-S-1-5-32-548","PrincipalType":"Group","RightName":"GenericAll","IsInherited":false},{"PrincipalSID":"S-1-5-21-466546139-763938477-1796994327-512","PrincipalType":"Group","RightName":"GenericAll","IsInherited":false},{"PrincipalSID":"S-1-5-21-466546139-763938477-1796994327-526","PrincipalType":"Group","RightName":"AddKeyCredentialLink","IsInherited":true},{"PrincipalSID":"S-1-5-21-466546139-763938477-1796994327-527","PrincipalType":"Group","RightName":"AddKeyCredentialLink","IsInherited":true},{"PrincipalSID":"S-1-5-21-466546139-763938477-1796994327-519","PrincipalType":"Group","RightName":"GenericAll","IsInherited":true},{"PrincipalSID":"SVCORP.COM-S-1-5-32-544","PrincipalType":"Group","RightName":"WriteDacl","IsInherited":true},{"PrincipalSID":"SVCORP.COM-S-1-5-32-544","PrincipalType":"Group","RightName":"WriteOwner","IsInherited":true},{"PrincipalSID":"SVCORP.COM-S-1-5-32-544","PrincipalType":"Group","RightName":"GenericWrite","IsInherited":true}],"ObjectIdentifier":"S-1-5-21-466546139-763938477-1796994327-1159","IsDeleted":false,"IsACLProtected":false},{"Properties":{"domain":"SVCORP.COM","name":"SVCLIENT42.SVCORP.COM","distinguishedname":"CN=SVCLIENT42,OU=WORKSTATIONS,OU=SVMACHINES,DC=SVCORP,DC=COM","domainsid":"S-1-5-21-466546139-763938477-1796994327","highvalue":false,"samaccountname":"svclient42$","haslaps":false,"description":null,"whencreated":1551968235,"enabled":true,"unconstraineddelegation":false,"trustedtoauth":false,"lastlogon":0,"lastlogontimestamp":-1,"pwdlastset":1551968235,"serviceprincipalnames":[],"operatingsystem":null,"sidhistory":[]},"PrimaryGroupSID":"S-1-5-21-466546139-763938477-1796994327-515","AllowedToDelegate":[],"AllowedToAct":[],"HasSIDHistory":[],"Sessions":{"Results":[],"Collected":false,"FailureReason":null},"PrivilegedSessions":{"Results":[],"Collected":false,"FailureReason":null},"RegistrySessions":{"Results":[],"Collected":false,"FailureReason":null},"LocalAdmins":{"Results":[],"Collected":false,"FailureReason":null},"RemoteDesktopUsers":{"Results":[],"Collected":false,"FailureReason":null},"DcomUsers":{"Results":[],"Collected":false,"FailureReason":null},"PSRemoteUsers":{"Results":[],"Collected":false,"FailureReason":null},"Status":null,"Aces":[{"PrincipalSID":"S-1-5-21-466546139-763938477-1796994327-512","PrincipalType":"Group","RightName":"Owns","IsInherited":false},{"PrincipalSID":"SVCORP.COM-S-1-5-32-548","PrincipalType":"Group","RightName":"GenericAll","IsInherited":false},{"PrincipalSID":"S-1-5-21-466546139-763938477-1796994327-512","PrincipalType":"Group","RightName":"GenericAll","IsInherited":false},{"PrincipalSID":"S-1-5-21-466546139-763938477-1796994327-526","PrincipalType":"Group","RightName":"AddKeyCredentialLink","IsInherited":true},{"PrincipalSID":"S-1-5-21-466546139-763938477-1796994327-527","PrincipalType":"Group","RightName":"AddKeyCredentialLink","IsInherited":true},{"PrincipalSID":"S-1-5-21-466546139-763938477-1796994327-519","PrincipalType":"Group","RightName":"GenericAll","IsInherited":true},{"PrincipalSID":"SVCORP.COM-S-1-5-32-544","PrincipalType":"Group","RightName":"WriteDacl","IsInherited":true},{"PrincipalSID":"SVCORP.COM-S-1-5-32-544","PrincipalType":"Group","RightName":"WriteOwner","IsInherited":true},{"PrincipalSID":"SVCORP.COM-S-1-5-32-544","PrincipalType":"Group","RightName":"GenericWrite","IsInherited":true}],"ObjectIdentifier":"S-1-5-21-466546139-763938477-1796994327-1160","IsDeleted":false,"IsACLProtected":false},{"Properties":{"domain":"SVCORP.COM","name":"SVCLIENT43.SVCORP.COM","distinguishedname":"CN=SVCLIENT43,OU=WORKSTATIONS,OU=SVMACHINES,DC=SVCORP,DC=COM","domainsid":"S-1-5-21-466546139-763938477-1796994327","highvalue":false,"samaccountname":"svclient43$","haslaps":false,"description":null,"whencreated":1551968235,"enabled":true,"unconstraineddelegation":false,"trustedtoauth":false,"lastlogon":0,"lastlogontimestamp":-1,"pwdlastset":1551968235,"serviceprincipalnames":[],"operatingsystem":null,"sidhistory":[]},"PrimaryGroupSID":"S-1-5-21-466546139-763938477-1796994327-515","AllowedToDelegate":[],"AllowedToAct":[],"HasSIDHistory":[],"Sessions":{"Results":[],"Collected":false,"FailureReason":null},"PrivilegedSessions":{"Results":[],"Collected":false,"FailureReason":null},"RegistrySessions":{"Results":[],"Collected":false,"FailureReason":null},"LocalAdmins":{"Results":[],"Collected":false,"FailureReason":null},"RemoteDesktopUsers":{"Results":[],"Collected":false,"FailureReason":null},"DcomUsers":{"Results":[],"Collected":false,"FailureReason":null},"PSRemoteUsers":{"Results":[],"Collected":false,"FailureReason":null},"Status":null,"Aces":[{"PrincipalSID":"S-1-5-21-466546139-763938477-1796994327-512","PrincipalType":"Group","RightName":"Owns","IsInherited":false},{"PrincipalSID":"SVCORP.COM-S-1-5-32-548","PrincipalType":"Group","RightName":"GenericAll","IsInherited":false},{"PrincipalSID":"S-1-5-21-466546139-763938477-1796994327-512","PrincipalType":"Group","RightName":"GenericAll","IsInherited":false},{"PrincipalSID":"S-1-5-21-466546139-763938477-1796994327-526","PrincipalType":"Group","RightName":"AddKeyCredentialLink","IsInherited":true},{"PrincipalSID":"S-1-5-21-466546139-763938477-1796994327-527","PrincipalType":"Group","RightName":"AddKeyCredentialLink","IsInherited":true},{"PrincipalSID":"S-1-5-21-466546139-763938477-1796994327-519","PrincipalType":"Group","RightName":"GenericAll","IsInherited":true},{"PrincipalSID":"SVCORP.COM-S-1-5-32-544","PrincipalType":"Group","RightName":"WriteDacl","IsInherited":true},{"PrincipalSID":"SVCORP.COM-S-1-5-32-544","PrincipalType":"Group","RightName":"WriteOwner","IsInherited":true},{"PrincipalSID":"SVCORP.COM-S-1-5-32-544","PrincipalType":"Group","RightName":"GenericWrite","IsInherited":true}],"ObjectIdentifier":"S-1-5-21-466546139-763938477-1796994327-1161","IsDeleted":false,"IsACLProtected":false},{"Properties":{"domain":"SVCORP.COM","name":"SVCLIENT44.SVCORP.COM","distinguishedname":"CN=SVCLIENT44,OU=WORKSTATIONS,OU=SVMACHINES,DC=SVCORP,DC=COM","domainsid":"S-1-5-21-466546139-763938477-1796994327","highvalue":false,"samaccountname":"svclient44$","haslaps":false,"description":null,"whencreated":1551968235,"enabled":true,"unconstraineddelegation":false,"trustedtoauth":false,"lastlogon":0,"lastlogontimestamp":-1,"pwdlastset":1551968235,"serviceprincipalnames":[],"operatingsystem":null,"sidhistory":[]},"PrimaryGroupSID":"S-1-5-21-466546139-763938477-1796994327-515","AllowedToDelegate":[],"AllowedToAct":[],"HasSIDHistory":[],"Sessions":{"Results":[],"Collected":false,"FailureReason":null},"PrivilegedSessions":{"Results":[],"Collected":false,"FailureReason":null},"RegistrySessions":{"Results":[],"Collected":false,"FailureReason":null},"LocalAdmins":{"Results":[],"Collected":false,"FailureReason":null},"RemoteDesktopUsers":{"Results":[],"Collected":false,"FailureReason":null},"DcomUsers":{"Results":[],"Collected":false,"FailureReason":null},"PSRemoteUsers":{"Results":[],"Collected":false,"FailureReason":null},"Status":null,"Aces":[{"PrincipalSID":"S-1-5-21-466546139-763938477-1796994327-512","PrincipalType":"Group","RightName":"Owns","IsInherited":false},{"PrincipalSID":"SVCORP.COM-S-1-5-32-548","PrincipalType":"Group","RightName":"GenericAll","IsInherited":false},{"PrincipalSID":"S-1-5-21-466546139-763938477-1796994327-512","PrincipalType":"Group","RightName":"GenericAll","IsInherited":false},{"PrincipalSID":"S-1-5-21-466546139-763938477-1796994327-526","PrincipalType":"Group","RightName":"AddKeyCredentialLink","IsInherited":true},{"PrincipalSID":"S-1-5-21-466546139-763938477-1796994327-527","PrincipalType":"Group","RightName":"AddKeyCredentialLink","IsInherited":true},{"PrincipalSID":"S-1-5-21-466546139-763938477-1796994327-519","PrincipalType":"Group","RightName":"GenericAll","IsInherited":true},{"PrincipalSID":"SVCORP.COM-S-1-5-32-544","PrincipalType":"Group","RightName":"WriteDacl","IsInherited":true},{"PrincipalSID":"SVCORP.COM-S-1-5-32-544","PrincipalType":"Group","RightName":"WriteOwner","IsInherited":true},{"PrincipalSID":"SVCORP.COM-S-1-5-32-544","PrincipalType":"Group","RightName":"GenericWrite","IsInherited":true}],"ObjectIdentifier":"S-1-5-21-466546139-763938477-1796994327-1162","IsDeleted":false,"IsACLProtected":false},{"Properties":{"domain":"SVCORP.COM","name":"SVCLIENT02.SVCORP.COM","distinguishedname":"CN=SVCLIENT02,OU=WORKSTATIONS,OU=SVMACHINES,DC=SVCORP,DC=COM","domainsid":"S-1-5-21-466546139-763938477-1796994327","highvalue":false,"samaccountname":"svclient02$","haslaps":false,"description":null,"whencreated":1551968235,"enabled":true,"unconstraineddelegation":false,"trustedtoauth":false,"lastlogon":0,"lastlogontimestamp":-1,"pwdlastset":1551968235,"serviceprincipalnames":[],"operatingsystem":null,"sidhistory":[]},"PrimaryGroupSID":"S-1-5-21-466546139-763938477-1796994327-515","AllowedToDelegate":[],"AllowedToAct":[],"HasSIDHistory":[],"Sessions":{"Results":[],"Collected":false,"FailureReason":null},"PrivilegedSessions":{"Results":[],"Collected":false,"FailureReason":null},"RegistrySessions":{"Results":[],"Collected":false,"FailureReason":null},"LocalAdmins":{"Results":[],"Collected":false,"FailureReason":null},"RemoteDesktopUsers":{"Results":[],"Collected":false,"FailureReason":null},"DcomUsers":{"Results":[],"Collected":false,"FailureReason":null},"PSRemoteUsers":{"Results":[],"Collected":false,"FailureReason":null},"Status":null,"Aces":[{"PrincipalSID":"S-1-5-21-466546139-763938477-1796994327-512","PrincipalType":"Group","RightName":"Owns","IsInherited":false},{"PrincipalSID":"SVCORP.COM-S-1-5-32-548","PrincipalType":"Group","RightName":"GenericAll","IsInherited":false},{"PrincipalSID":"S-1-5-21-466546139-763938477-1796994327-512","PrincipalType":"Group","RightName":"GenericAll","IsInherited":false},{"PrincipalSID":"S-1-5-21-466546139-763938477-1796994327-526","PrincipalType":"Group","RightName":"AddKeyCredentialLink","IsInherited":true},{"PrincipalSID":"S-1-5-21-466546139-763938477-1796994327-527","PrincipalType":"Group","RightName":"AddKeyCredentialLink","IsInherited":true},{"PrincipalSID":"S-1-5-21-466546139-763938477-1796994327-519","PrincipalType":"Group","RightName":"GenericAll","IsInherited":true},{"PrincipalSID":"SVCORP.COM-S-1-5-32-544","PrincipalType":"Group","RightName":"WriteDacl","IsInherited":true},{"PrincipalSID":"SVCORP.COM-S-1-5-32-544","PrincipalType":"Group","RightName":"WriteOwner","IsInherited":true},{"PrincipalSID":"SVCORP.COM-S-1-5-32-544","PrincipalType":"Group","RightName":"GenericWrite","IsInherited":true}],"ObjectIdentifier":"S-1-5-21-466546139-763938477-1796994327-1163","IsDeleted":false,"IsACLProtected":false},{"Properties":{"domain":"SVCORP.COM","name":"SVCLIENT03.SVCORP.COM","distinguishedname":"CN=SVCLIENT03,OU=WORKSTATIONS,OU=SVMACHINES,DC=SVCORP,DC=COM","domainsid":"S-1-5-21-466546139-763938477-1796994327","highvalue":false,"samaccountname":"svclient03$","haslaps":false,"description":null,"whencreated":1551968235,"enabled":true,"unconstraineddelegation":false,"trustedtoauth":false,"lastlogon":0,"lastlogontimestamp":-1,"pwdlastset":1551968236,"serviceprincipalnames":[],"operatingsystem":null,"sidhistory":[]},"PrimaryGroupSID":"S-1-5-21-466546139-763938477-1796994327-515","AllowedToDelegate":[],"AllowedToAct":[],"HasSIDHistory":[],"Sessions":{"Results":[],"Collected":false,"FailureReason":null},"PrivilegedSessions":{"Results":[],"Collected":false,"FailureReason":null},"RegistrySessions":{"Results":[],"Collected":false,"FailureReason":null},"LocalAdmins":{"Results":[],"Collected":false,"FailureReason":null},"RemoteDesktopUsers":{"Results":[],"Collected":false,"FailureReason":null},"DcomUsers":{"Results":[],"Collected":false,"FailureReason":null},"PSRemoteUsers":{"Results":[],"Collected":false,"FailureReason":null},"Status":null,"Aces":[{"PrincipalSID":"S-1-5-21-466546139-763938477-1796994327-512","PrincipalType":"Group","RightName":"Owns","IsInherited":false},{"PrincipalSID":"SVCORP.COM-S-1-5-32-548","PrincipalType":"Group","RightName":"GenericAll","IsInherited":false},{"PrincipalSID":"S-1-5-21-466546139-763938477-1796994327-512","PrincipalType":"Group","RightName":"GenericAll","IsInherited":false},{"PrincipalSID":"S-1-5-21-466546139-763938477-1796994327-526","PrincipalType":"Group","RightName":"AddKeyCredentialLink","IsInherited":true},{"PrincipalSID":"S-1-5-21-466546139-763938477-1796994327-527","PrincipalType":"Group","RightName":"AddKeyCredentialLink","IsInherited":true},{"PrincipalSID":"S-1-5-21-466546139-763938477-1796994327-519","PrincipalType":"Group","RightName":"GenericAll","IsInherited":true},{"PrincipalSID":"SVCORP.COM-S-1-5-32-544","PrincipalType":"Group","RightName":"WriteDacl","IsInherited":true},{"PrincipalSID":"SVCORP.COM-S-1-5-32-544","PrincipalType":"Group","RightName":"WriteOwner","IsInherited":true},{"PrincipalSID":"SVCORP.COM-S-1-5-32-544","PrincipalType":"Group","RightName":"GenericWrite","IsInherited":true}],"ObjectIdentifier":"S-1-5-21-466546139-763938477-1796994327-1164","IsDeleted":false,"IsACLProtected":false},{"Properties":{"domain":"SVCORP.COM","name":"SVCLIENT12.SVCORP.COM","distinguishedname":"CN=SVCLIENT12,OU=WORKSTATIONS,OU=SVMACHINES,DC=SVCORP,DC=COM","domainsid":"S-1-5-21-466546139-763938477-1796994327","highvalue":false,"samaccountname":"svclient12$","haslaps":false,"description":null,"whencreated":1551968236,"enabled":true,"unconstraineddelegation":false,"trustedtoauth":false,"lastlogon":0,"lastlogontimestamp":-1,"pwdlastset":1551968236,"serviceprincipalnames":[],"operatingsystem":null,"sidhistory":[]},"PrimaryGroupSID":"S-1-5-21-466546139-763938477-1796994327-515","AllowedToDelegate":[],"AllowedToAct":[],"HasSIDHistory":[],"Sessions":{"Results":[],"Collected":false,"FailureReason":null},"PrivilegedSessions":{"Results":[],"Collected":false,"FailureReason":null},"RegistrySessions":{"Results":[],"Collected":false,"FailureReason":null},"LocalAdmins":{"Results":[],"Collected":false,"FailureReason":null},"RemoteDesktopUsers":{"Results":[],"Collected":false,"FailureReason":null},"DcomUsers":{"Results":[],"Collected":false,"FailureReason":null},"PSRemoteUsers":{"Results":[],"Collected":false,"FailureReason":null},"Status":null,"Aces":[{"PrincipalSID":"S-1-5-21-466546139-763938477-1796994327-512","PrincipalType":"Group","RightName":"Owns","IsInherited":false},{"PrincipalSID":"SVCORP.COM-S-1-5-32-548","PrincipalType":"Group","RightName":"GenericAll","IsInherited":false},{"PrincipalSID":"S-1-5-21-466546139-763938477-1796994327-512","PrincipalType":"Group","RightName":"GenericAll","IsInherited":false},{"PrincipalSID":"S-1-5-21-466546139-763938477-1796994327-526","PrincipalType":"Group","RightName":"AddKeyCredentialLink","IsInherited":true},{"PrincipalSID":"S-1-5-21-466546139-763938477-1796994327-527","PrincipalType":"Group","RightName":"AddKeyCredentialLink","IsInherited":true},{"PrincipalSID":"S-1-5-21-466546139-763938477-1796994327-519","PrincipalType":"Group","RightName":"GenericAll","IsInherited":true},{"PrincipalSID":"SVCORP.COM-S-1-5-32-544","PrincipalType":"Group","RightName":"WriteDacl","IsInherited":true},{"PrincipalSID":"SVCORP.COM-S-1-5-32-544","PrincipalType":"Group","RightName":"WriteOwner","IsInherited":true},{"PrincipalSID":"SVCORP.COM-S-1-5-32-544","PrincipalType":"Group","RightName":"GenericWrite","IsInherited":true}],"ObjectIdentifier":"S-1-5-21-466546139-763938477-1796994327-1165","IsDeleted":false,"IsACLProtected":false},{"Properties":{"domain":"SVCORP.COM","name":"SVCLIENT13.SVCORP.COM","distinguishedname":"CN=SVCLIENT13,OU=WORKSTATIONS,OU=SVMACHINES,DC=SVCORP,DC=COM","domainsid":"S-1-5-21-466546139-763938477-1796994327","highvalue":false,"samaccountname":"svclient13$","haslaps":false,"description":null,"whencreated":1551968236,"enabled":true,"unconstraineddelegation":false,"trustedtoauth":false,"lastlogon":0,"lastlogontimestamp":-1,"pwdlastset":1551968236,"serviceprincipalnames":[],"operatingsystem":null,"sidhistory":[]},"PrimaryGroupSID":"S-1-5-21-466546139-763938477-1796994327-515","AllowedToDelegate":[],"AllowedToAct":[],"HasSIDHistory":[],"Sessions":{"Results":[],"Collected":false,"FailureReason":null},"PrivilegedSessions":{"Results":[],"Collected":false,"FailureReason":null},"RegistrySessions":{"Results":[],"Collected":false,"FailureReason":null},"LocalAdmins":{"Results":[],"Collected":false,"FailureReason":null},"RemoteDesktopUsers":{"Results":[],"Collected":false,"FailureReason":null},"DcomUsers":{"Results":[],"Collected":false,"FailureReason":null},"PSRemoteUsers":{"Results":[],"Collected":false,"FailureReason":null},"Status":null,"Aces":[{"PrincipalSID":"S-1-5-21-466546139-763938477-1796994327-512","PrincipalType":"Group","RightName":"Owns","IsInherited":false},{"PrincipalSID":"SVCORP.COM-S-1-5-32-548","PrincipalType":"Group","RightName":"GenericAll","IsInherited":false},{"PrincipalSID":"S-1-5-21-466546139-763938477-1796994327-512","PrincipalType":"Group","RightName":"GenericAll","IsInherited":false},{"PrincipalSID":"S-1-5-21-466546139-763938477-1796994327-526","PrincipalType":"Group","RightName":"AddKeyCredentialLink","IsInherited":true},{"PrincipalSID":"S-1-5-21-466546139-763938477-1796994327-527","PrincipalType":"Group","RightName":"AddKeyCredentialLink","IsInherited":true},{"PrincipalSID":"S-1-5-21-466546139-763938477-1796994327-519","PrincipalType":"Group","RightName":"GenericAll","IsInherited":true},{"PrincipalSID":"SVCORP.COM-S-1-5-32-544","PrincipalType":"Group","RightName":"WriteDacl","IsInherited":true},{"PrincipalSID":"SVCORP.COM-S-1-5-32-544","PrincipalType":"Group","RightName":"WriteOwner","IsInherited":true},{"PrincipalSID":"SVCORP.COM-S-1-5-32-544","PrincipalType":"Group","RightName":"GenericWrite","IsInherited":true}],"ObjectIdentifier":"S-1-5-21-466546139-763938477-1796994327-1166","IsDeleted":false,"IsACLProtected":false},{"Properties":{"domain":"SVCORP.COM","name":"SVCLIENT14.SVCORP.COM","distinguishedname":"CN=SVCLIENT14,OU=WORKSTATIONS,OU=SVMACHINES,DC=SVCORP,DC=COM","domainsid":"S-1-5-21-466546139-763938477-1796994327","highvalue":false,"samaccountname":"svclient14$","haslaps":false,"description":null,"whencreated":1551968236,"enabled":true,"unconstraineddelegation":false,"trustedtoauth":false,"lastlogon":0,"lastlogontimestamp":-1,"pwdlastset":1551968236,"serviceprincipalnames":[],"operatingsystem":null,"sidhistory":[]},"PrimaryGroupSID":"S-1-5-21-466546139-763938477-1796994327-515","AllowedToDelegate":[],"AllowedToAct":[],"HasSIDHistory":[],"Sessions":{"Results":[],"Collected":false,"FailureReason":null},"PrivilegedSessions":{"Results":[],"Collected":false,"FailureReason":null},"RegistrySessions":{"Results":[],"Collected":false,"FailureReason":null},"LocalAdmins":{"Results":[],"Collected":false,"FailureReason":null},"RemoteDesktopUsers":{"Results":[],"Collected":false,"FailureReason":null},"DcomUsers":{"Results":[],"Collected":false,"FailureReason":null},"PSRemoteUsers":{"Results":[],"Collected":false,"FailureReason":null},"Status":null,"Aces":[{"PrincipalSID":"S-1-5-21-466546139-763938477-1796994327-512","PrincipalType":"Group","RightName":"Owns","IsInherited":false},{"PrincipalSID":"SVCORP.COM-S-1-5-32-548","PrincipalType":"Group","RightName":"GenericAll","IsInherited":false},{"PrincipalSID":"S-1-5-21-466546139-763938477-1796994327-512","PrincipalType":"Group","RightName":"GenericAll","IsInherited":false},{"PrincipalSID":"S-1-5-21-466546139-763938477-1796994327-526","PrincipalType":"Group","RightName":"AddKeyCredentialLink","IsInherited":true},{"PrincipalSID":"S-1-5-21-466546139-763938477-1796994327-527","PrincipalType":"Group","RightName":"AddKeyCredentialLink","IsInherited":true},{"PrincipalSID":"S-1-5-21-466546139-763938477-1796994327-519","PrincipalType":"Group","RightName":"GenericAll","IsInherited":true},{"PrincipalSID":"SVCORP.COM-S-1-5-32-544","PrincipalType":"Group","RightName":"WriteDacl","IsInherited":true},{"PrincipalSID":"SVCORP.COM-S-1-5-32-544","PrincipalType":"Group","RightName":"WriteOwner","IsInherited":true},{"PrincipalSID":"SVCORP.COM-S-1-5-32-544","PrincipalType":"Group","RightName":"GenericWrite","IsInherited":true}],"ObjectIdentifier":"S-1-5-21-466546139-763938477-1796994327-1167","IsDeleted":false,"IsACLProtected":false},{"Properties":{"domain":"SVCORP.COM","name":"SVCLIENT15.SVCORP.COM","distinguishedname":"CN=SVCLIENT15,OU=WORKSTATIONS,OU=SVMACHINES,DC=SVCORP,DC=COM","domainsid":"S-1-5-21-466546139-763938477-1796994327","highvalue":false,"samaccountname":"svclient15$","haslaps":false,"description":null,"whencreated":1551968236,"enabled":true,"unconstraineddelegation":false,"trustedtoauth":false,"lastlogon":0,"lastlogontimestamp":-1,"pwdlastset":1551968236,"serviceprincipalnames":[],"operatingsystem":null,"sidhistory":[]},"PrimaryGroupSID":"S-1-5-21-466546139-763938477-1796994327-515","AllowedToDelegate":[],"AllowedToAct":[],"HasSIDHistory":[],"Sessions":{"Results":[],"Collected":false,"FailureReason":null},"PrivilegedSessions":{"Results":[],"Collected":false,"FailureReason":null},"RegistrySessions":{"Results":[],"Collected":false,"FailureReason":null},"LocalAdmins":{"Results":[],"Collected":false,"FailureReason":null},"RemoteDesktopUsers":{"Results":[],"Collected":false,"FailureReason":null},"DcomUsers":{"Results":[],"Collected":false,"FailureReason":null},"PSRemoteUsers":{"Results":[],"Collected":false,"FailureReason":null},"Status":null,"Aces":[{"PrincipalSID":"S-1-5-21-466546139-763938477-1796994327-512","PrincipalType":"Group","RightName":"Owns","IsInherited":false},{"PrincipalSID":"SVCORP.COM-S-1-5-32-548","PrincipalType":"Group","RightName":"GenericAll","IsInherited":false},{"PrincipalSID":"S-1-5-21-466546139-763938477-1796994327-512","PrincipalType":"Group","RightName":"GenericAll","IsInherited":false},{"PrincipalSID":"S-1-5-21-466546139-763938477-1796994327-526","PrincipalType":"Group","RightName":"AddKeyCredentialLink","IsInherited":true},{"PrincipalSID":"S-1-5-21-466546139-763938477-1796994327-527","PrincipalType":"Group","RightName":"AddKeyCredentialLink","IsInherited":true},{"PrincipalSID":"S-1-5-21-466546139-763938477-1796994327-519","PrincipalType":"Group","RightName":"GenericAll","IsInherited":true},{"PrincipalSID":"SVCORP.COM-S-1-5-32-544","PrincipalType":"Group","RightName":"WriteDacl","IsInherited":true},{"PrincipalSID":"SVCORP.COM-S-1-5-32-544","PrincipalType":"Group","RightName":"WriteOwner","IsInherited":true},{"PrincipalSID":"SVCORP.COM-S-1-5-32-544","PrincipalType":"Group","RightName":"GenericWrite","IsInherited":true}],"ObjectIdentifier":"S-1-5-21-466546139-763938477-1796994327-1168","IsDeleted":false,"IsACLProtected":false},{"Properties":{"domain":"SVCORP.COM","name":"SV-APP01.SVCORP.COM","distinguishedname":"CN=SV-APP01,OU=SERVERS,OU=SVMACHINES,DC=SVCORP,DC=COM","domainsid":"S-1-5-21-466546139-763938477-1796994327","highvalue":false,"samaccountname":"sv-app01$","haslaps":false,"description":null,"whencreated":1551968232,"enabled":true,"unconstraineddelegation":false,"trustedtoauth":false,"lastlogon":0,"lastlogontimestamp":-1,"pwdlastset":1551968232,"serviceprincipalnames":[],"operatingsystem":null,"sidhistory":[]},"PrimaryGroupSID":"S-1-5-21-466546139-763938477-1796994327-515","AllowedToDelegate":[],"AllowedToAct":[],"HasSIDHistory":[],"Sessions":{"Results":[],"Collected":false,"FailureReason":null},"PrivilegedSessions":{"Results":[],"Collected":false,"FailureReason":null},"RegistrySessions":{"Results":[],"Collected":false,"FailureReason":null},"LocalAdmins":{"Results":[],"Collected":false,"FailureReason":null},"RemoteDesktopUsers":{"Results":[],"Collected":false,"FailureReason":null},"DcomUsers":{"Results":[],"Collected":false,"FailureReason":null},"PSRemoteUsers":{"Results":[],"Collected":false,"FailureReason":null},"Status":null,"Aces":[{"PrincipalSID":"S-1-5-21-466546139-763938477-1796994327-512","PrincipalType":"Group","RightName":"Owns","IsInherited":false},{"PrincipalSID":"SVCORP.COM-S-1-5-32-548","PrincipalType":"Group","RightName":"GenericAll","IsInherited":false},{"PrincipalSID":"S-1-5-21-466546139-763938477-1796994327-512","PrincipalType":"Group","RightName":"GenericAll","IsInherited":false},{"PrincipalSID":"S-1-5-21-466546139-763938477-1796994327-526","PrincipalType":"Group","RightName":"AddKeyCredentialLink","IsInherited":true},{"PrincipalSID":"S-1-5-21-466546139-763938477-1796994327-527","PrincipalType":"Group","RightName":"AddKeyCredentialLink","IsInherited":true},{"PrincipalSID":"S-1-5-21-466546139-763938477-1796994327-519","PrincipalType":"Group","RightName":"GenericAll","IsInherited":true},{"PrincipalSID":"SVCORP.COM-S-1-5-32-544","PrincipalType":"Group","RightName":"WriteDacl","IsInherited":true},{"PrincipalSID":"SVCORP.COM-S-1-5-32-544","PrincipalType":"Group","RightName":"WriteOwner","IsInherited":true},{"PrincipalSID":"SVCORP.COM-S-1-5-32-544","PrincipalType":"Group","RightName":"GenericWrite","IsInherited":true}],"ObjectIdentifier":"S-1-5-21-466546139-763938477-1796994327-1134","IsDeleted":false,"IsACLProtected":false},{"Properties":{"domain":"SVCORP.COM","name":"SV-APP61.SVCORP.COM","distinguishedname":"CN=SV-APP61,OU=SERVERS,OU=SVMACHINES,DC=SVCORP,DC=COM","domainsid":"S-1-5-21-466546139-763938477-1796994327","highvalue":false,"samaccountname":"sv-app61$","haslaps":false,"description":null,"whencreated":1551968233,"enabled":true,"unconstraineddelegation":false,"trustedtoauth":false,"lastlogon":0,"lastlogontimestamp":-1,"pwdlastset":1551968233,"serviceprincipalnames":[],"operatingsystem":null,"sidhistory":[]},"PrimaryGroupSID":"S-1-5-21-466546139-763938477-1796994327-515","AllowedToDelegate":[],"AllowedToAct":[],"HasSIDHistory":[],"Sessions":{"Results":[],"Collected":false,"FailureReason":null},"PrivilegedSessions":{"Results":[],"Collected":false,"FailureReason":null},"RegistrySessions":{"Results":[],"Collected":false,"FailureReason":null},"LocalAdmins":{"Results":[],"Collected":false,"FailureReason":null},"RemoteDesktopUsers":{"Results":[],"Collected":false,"FailureReason":null},"DcomUsers":{"Results":[],"Collected":false,"FailureReason":null},"PSRemoteUsers":{"Results":[],"Collected":false,"FailureReason":null},"Status":null,"Aces":[{"PrincipalSID":"S-1-5-21-466546139-763938477-1796994327-512","PrincipalType":"Group","RightName":"Owns","IsInherited":false},{"PrincipalSID":"SVCORP.COM-S-1-5-32-548","PrincipalType":"Group","RightName":"GenericAll","IsInherited":false},{"PrincipalSID":"S-1-5-21-466546139-763938477-1796994327-512","PrincipalType":"Group","RightName":"GenericAll","IsInherited":false},{"PrincipalSID":"S-1-5-21-466546139-763938477-1796994327-526","PrincipalType":"Group","RightName":"AddKeyCredentialLink","IsInherited":true},{"PrincipalSID":"S-1-5-21-466546139-763938477-1796994327-527","PrincipalType":"Group","RightName":"AddKeyCredentialLink","IsInherited":true},{"PrincipalSID":"S-1-5-21-466546139-763938477-1796994327-519","PrincipalType":"Group","RightName":"GenericAll","IsInherited":true},{"PrincipalSID":"SVCORP.COM-S-1-5-32-544","PrincipalType":"Group","RightName":"WriteDacl","IsInherited":true},{"PrincipalSID":"SVCORP.COM-S-1-5-32-544","PrincipalType":"Group","RightName":"WriteOwner","IsInherited":true},{"PrincipalSID":"SVCORP.COM-S-1-5-32-544","PrincipalType":"Group","RightName":"GenericWrite","IsInherited":true}],"ObjectIdentifier":"S-1-5-21-466546139-763938477-1796994327-1139","IsDeleted":false,"IsACLProtected":false},{"Properties":{"domain":"SVCORP.COM","name":"SV-APP11.SVCORP.COM","distinguishedname":"CN=SV-APP11,OU=SERVERS,OU=SVMACHINES,DC=SVCORP,DC=COM","domainsid":"S-1-5-21-466546139-763938477-1796994327","highvalue":false,"samaccountname":"sv-app11$","haslaps":false,"description":null,"whencreated":1551968233,"enabled":true,"unconstraineddelegation":false,"trustedtoauth":false,"lastlogon":0,"lastlogontimestamp":-1,"pwdlastset":1551968233,"serviceprincipalnames":[],"operatingsystem":null,"sidhistory":[]},"PrimaryGroupSID":"S-1-5-21-466546139-763938477-1796994327-515","AllowedToDelegate":[],"AllowedToAct":[],"HasSIDHistory":[],"Sessions":{"Results":[],"Collected":false,"FailureReason":null},"PrivilegedSessions":{"Results":[],"Collected":false,"FailureReason":null},"RegistrySessions":{"Results":[],"Collected":false,"FailureReason":null},"LocalAdmins":{"Results":[],"Collected":false,"FailureReason":null},"RemoteDesktopUsers":{"Results":[],"Collected":false,"FailureReason":null},"DcomUsers":{"Results":[],"Collected":false,"FailureReason":null},"PSRemoteUsers":{"Results":[],"Collected":false,"FailureReason":null},"Status":null,"Aces":[{"PrincipalSID":"S-1-5-21-466546139-763938477-1796994327-512","PrincipalType":"Group","RightName":"Owns","IsInherited":false},{"PrincipalSID":"SVCORP.COM-S-1-5-32-548","PrincipalType":"Group","RightName":"GenericAll","IsInherited":false},{"PrincipalSID":"S-1-5-21-466546139-763938477-1796994327-512","PrincipalType":"Group","RightName":"GenericAll","IsInherited":false},{"PrincipalSID":"S-1-5-21-466546139-763938477-1796994327-526","PrincipalType":"Group","RightName":"AddKeyCredentialLink","IsInherited":true},{"PrincipalSID":"S-1-5-21-466546139-763938477-1796994327-527","PrincipalType":"Group","RightName":"AddKeyCredentialLink","IsInherited":true},{"PrincipalSID":"S-1-5-21-466546139-763938477-1796994327-519","PrincipalType":"Group","RightName":"GenericAll","IsInherited":true},{"PrincipalSID":"SVCORP.COM-S-1-5-32-544","PrincipalType":"Group","RightName":"WriteDacl","IsInherited":true},{"PrincipalSID":"SVCORP.COM-S-1-5-32-544","PrincipalType":"Group","RightName":"WriteOwner","IsInherited":true},{"PrincipalSID":"SVCORP.COM-S-1-5-32-544","PrincipalType":"Group","RightName":"GenericWrite","IsInherited":true}],"ObjectIdentifier":"S-1-5-21-466546139-763938477-1796994327-1138","IsDeleted":false,"IsACLProtected":false},{"Properties":{"domain":"SVCORP.COM","name":"SV-APP05.SVCORP.COM","distinguishedname":"CN=SV-APP05,OU=SERVERS,OU=SVMACHINES,DC=SVCORP,DC=COM","domainsid":"S-1-5-21-466546139-763938477-1796994327","highvalue":false,"samaccountname":"sv-app05$","haslaps":false,"description":null,"whencreated":1551968233,"enabled":true,"unconstraineddelegation":false,"trustedtoauth":false,"lastlogon":0,"lastlogontimestamp":-1,"pwdlastset":1551968233,"serviceprincipalnames":[],"operatingsystem":null,"sidhistory":[]},"PrimaryGroupSID":"S-1-5-21-466546139-763938477-1796994327-515","AllowedToDelegate":[],"AllowedToAct":[],"HasSIDHistory":[],"Sessions":{"Results":[],"Collected":false,"FailureReason":null},"PrivilegedSessions":{"Results":[],"Collected":false,"FailureReason":null},"RegistrySessions":{"Results":[],"Collected":false,"FailureReason":null},"LocalAdmins":{"Results":[],"Collected":false,"FailureReason":null},"RemoteDesktopUsers":{"Results":[],"Collected":false,"FailureReason":null},"DcomUsers":{"Results":[],"Collected":false,"FailureReason":null},"PSRemoteUsers":{"Results":[],"Collected":false,"FailureReason":null},"Status":null,"Aces":[{"PrincipalSID":"S-1-5-21-466546139-763938477-1796994327-512","PrincipalType":"Group","RightName":"Owns","IsInherited":false},{"PrincipalSID":"SVCORP.COM-S-1-5-32-548","PrincipalType":"Group","RightName":"GenericAll","IsInherited":false},{"PrincipalSID":"S-1-5-21-466546139-763938477-1796994327-512","PrincipalType":"Group","RightName":"GenericAll","IsInherited":false},{"PrincipalSID":"S-1-5-21-466546139-763938477-1796994327-526","PrincipalType":"Group","RightName":"AddKeyCredentialLink","IsInherited":true},{"PrincipalSID":"S-1-5-21-466546139-763938477-1796994327-527","PrincipalType":"Group","RightName":"AddKeyCredentialLink","IsInherited":true},{"PrincipalSID":"S-1-5-21-466546139-763938477-1796994327-519","PrincipalType":"Group","RightName":"GenericAll","IsInherited":true},{"PrincipalSID":"SVCORP.COM-S-1-5-32-544","PrincipalType":"Group","RightName":"WriteDacl","IsInherited":true},{"PrincipalSID":"SVCORP.COM-S-1-5-32-544","PrincipalType":"Group","RightName":"WriteOwner","IsInherited":true},{"PrincipalSID":"SVCORP.COM-S-1-5-32-544","PrincipalType":"Group","RightName":"GenericWrite","IsInherited":true}],"ObjectIdentifier":"S-1-5-21-466546139-763938477-1796994327-1136","IsDeleted":false,"IsACLProtected":false},{"Properties":{"domain":"SVCORP.COM","name":"SV-APP02.SVCORP.COM","distinguishedname":"CN=SV-APP02,OU=SERVERS,OU=SVMACHINES,DC=SVCORP,DC=COM","domainsid":"S-1-5-21-466546139-763938477-1796994327","highvalue":false,"samaccountname":"sv-app02$","haslaps":false,"description":null,"whencreated":1551968232,"enabled":true,"unconstraineddelegation":false,"trustedtoauth":false,"lastlogon":0,"lastlogontimestamp":-1,"pwdlastset":1551968232,"serviceprincipalnames":[],"operatingsystem":null,"sidhistory":[]},"PrimaryGroupSID":"S-1-5-21-466546139-763938477-1796994327-515","AllowedToDelegate":[],"AllowedToAct":[],"HasSIDHistory":[],"Sessions":{"Results":[],"Collected":false,"FailureReason":null},"PrivilegedSessions":{"Results":[],"Collected":false,"FailureReason":null},"RegistrySessions":{"Results":[],"Collected":false,"FailureReason":null},"LocalAdmins":{"Results":[],"Collected":false,"FailureReason":null},"RemoteDesktopUsers":{"Results":[],"Collected":false,"FailureReason":null},"DcomUsers":{"Results":[],"Collected":false,"FailureReason":null},"PSRemoteUsers":{"Results":[],"Collected":false,"FailureReason":null},"Status":null,"Aces":[{"PrincipalSID":"S-1-5-21-466546139-763938477-1796994327-512","PrincipalType":"Group","RightName":"Owns","IsInherited":false},{"PrincipalSID":"SVCORP.COM-S-1-5-32-548","PrincipalType":"Group","RightName":"GenericAll","IsInherited":false},{"PrincipalSID":"S-1-5-21-466546139-763938477-1796994327-512","PrincipalType":"Group","RightName":"GenericAll","IsInherited":false},{"PrincipalSID":"S-1-5-21-466546139-763938477-1796994327-526","PrincipalType":"Group","RightName":"AddKeyCredentialLink","IsInherited":true},{"PrincipalSID":"S-1-5-21-466546139-763938477-1796994327-527","PrincipalType":"Group","RightName":"AddKeyCredentialLink","IsInherited":true},{"PrincipalSID":"S-1-5-21-466546139-763938477-1796994327-519","PrincipalType":"Group","RightName":"GenericAll","IsInherited":true},{"PrincipalSID":"SVCORP.COM-S-1-5-32-544","PrincipalType":"Group","RightName":"WriteDacl","IsInherited":true},{"PrincipalSID":"SVCORP.COM-S-1-5-32-544","PrincipalType":"Group","RightName":"WriteOwner","IsInherited":true},{"PrincipalSID":"SVCORP.COM-S-1-5-32-544","PrincipalType":"Group","RightName":"GenericWrite","IsInherited":true}],"ObjectIdentifier":"S-1-5-21-466546139-763938477-1796994327-1135","IsDeleted":false,"IsACLProtected":false},{"Properties":{"domain":"SVCORP.COM","name":"SV-APP07.SVCORP.COM","distinguishedname":"CN=SV-APP07,OU=SERVERS,OU=SVMACHINES,DC=SVCORP,DC=COM","domainsid":"S-1-5-21-466546139-763938477-1796994327","highvalue":false,"samaccountname":"sv-app07$","haslaps":false,"description":null,"whencreated":1551968233,"enabled":true,"unconstraineddelegation":false,"trustedtoauth":false,"lastlogon":0,"lastlogontimestamp":-1,"pwdlastset":1551968233,"serviceprincipalnames":[],"operatingsystem":null,"sidhistory":[]},"PrimaryGroupSID":"S-1-5-21-466546139-763938477-1796994327-515","AllowedToDelegate":[],"AllowedToAct":[],"HasSIDHistory":[],"Sessions":{"Results":[],"Collected":false,"FailureReason":null},"PrivilegedSessions":{"Results":[],"Collected":false,"FailureReason":null},"RegistrySessions":{"Results":[],"Collected":false,"FailureReason":null},"LocalAdmins":{"Results":[],"Collected":false,"FailureReason":null},"RemoteDesktopUsers":{"Results":[],"Collected":false,"FailureReason":null},"DcomUsers":{"Results":[],"Collected":false,"FailureReason":null},"PSRemoteUsers":{"Results":[],"Collected":false,"FailureReason":null},"Status":null,"Aces":[{"PrincipalSID":"S-1-5-21-466546139-763938477-1796994327-512","PrincipalType":"Group","RightName":"Owns","IsInherited":false},{"PrincipalSID":"SVCORP.COM-S-1-5-32-548","PrincipalType":"Group","RightName":"GenericAll","IsInherited":false},{"PrincipalSID":"S-1-5-21-466546139-763938477-1796994327-512","PrincipalType":"Group","RightName":"GenericAll","IsInherited":false},{"PrincipalSID":"S-1-5-21-466546139-763938477-1796994327-526","PrincipalType":"Group","RightName":"AddKeyCredentialLink","IsInherited":true},{"PrincipalSID":"S-1-5-21-466546139-763938477-1796994327-527","PrincipalType":"Group","RightName":"AddKeyCredentialLink","IsInherited":true},{"PrincipalSID":"S-1-5-21-466546139-763938477-1796994327-519","PrincipalType":"Group","RightName":"GenericAll","IsInherited":true},{"PrincipalSID":"SVCORP.COM-S-1-5-32-544","PrincipalType":"Group","RightName":"WriteDacl","IsInherited":true},{"PrincipalSID":"SVCORP.COM-S-1-5-32-544","PrincipalType":"Group","RightName":"WriteOwner","IsInherited":true},{"PrincipalSID":"SVCORP.COM-S-1-5-32-544","PrincipalType":"Group","RightName":"GenericWrite","IsInherited":true}],"ObjectIdentifier":"S-1-5-21-466546139-763938477-1796994327-1137","IsDeleted":false,"IsACLProtected":false},{"Properties":{"domain":"SVCORP.COM","name":"SVCLIENT08.SVCORP.COM","distinguishedname":"CN=SVCLIENT08,OU=WORKSTATIONS,OU=SVMACHINES,DC=SVCORP,DC=COM","domainsid":"S-1-5-21-466546139-763938477-1796994327","highvalue":false,"samaccountname":"SVCLIENT08$","haslaps":false,"description":null,"whencreated":1551995116,"enabled":true,"unconstraineddelegation":false,"trustedtoauth":false,"lastlogon":1681006200,"lastlogontimestamp":1681005175,"pwdlastset":1681005175,"serviceprincipalnames":["TERMSRV/SVCLIENT08","TERMSRV/svclient08.svcorp.com","RestrictedKrbHost/SVCLIENT08","HOST/SVCLIENT08","RestrictedKrbHost/svclient08.svcorp.com","HOST/svclient08.svcorp.com"],"operatingsystem":"Windows 10 Pro N","sidhistory":[]},"PrimaryGroupSID":"S-1-5-21-466546139-763938477-1796994327-515","AllowedToDelegate":[],"AllowedToAct":[],"HasSIDHistory":[],"Sessions":{"Results":[],"Collected":true,"FailureReason":null},"PrivilegedSessions":{"Results":[{"UserSID":"S-1-5-21-466546139-763938477-1796994327-1103","ComputerSID":"S-1-5-21-466546139-763938477-1796994327-1172"},{"UserSID":"S-1-5-21-466546139-763938477-1796994327-1103","ComputerSID":"S-1-5-21-466546139-763938477-1796994327-1172"}],"Collected":true,"FailureReason":null},"RegistrySessions":{"Results":[],"Collected":false,"FailureReason":"The network path was not found.\r\n"},"LocalAdmins":{"Results":[{"ObjectIdentifier":"S-1-5-21-466546139-763938477-1796994327-1132","ObjectType":"Group"}],"Collected":true,"FailureReason":null},"RemoteDesktopUsers":{"Results":[],"Collected":true,"FailureReason":null},"DcomUsers":{"Results":[],"Collected":true,"FailureReason":null},"PSRemoteUsers":{"Results":[],"Collected":true,"FailureReason":null},"Status":null,"Aces":[{"PrincipalSID":"S-1-5-21-466546139-763938477-1796994327-512","PrincipalType":"Group","RightName":"Owns","IsInherited":false},{"PrincipalSID":"SVCORP.COM-S-1-5-32-548","PrincipalType":"Group","RightName":"GenericAll","IsInherited":false},{"PrincipalSID":"S-1-5-21-466546139-763938477-1796994327-512","PrincipalType":"Group","RightName":"GenericAll","IsInherited":false},{"PrincipalSID":"S-1-5-21-466546139-763938477-1796994327-526","PrincipalType":"Group","RightName":"AddKeyCredentialLink","IsInherited":true},{"PrincipalSID":"S-1-5-21-466546139-763938477-1796994327-527","PrincipalType":"Group","RightName":"AddKeyCredentialLink","IsInherited":true},{"PrincipalSID":"S-1-5-21-466546139-763938477-1796994327-519","PrincipalType":"Group","RightName":"GenericAll","IsInherited":true},{"PrincipalSID":"SVCORP.COM-S-1-5-32-544","PrincipalType":"Group","RightName":"WriteDacl","IsInherited":true},{"PrincipalSID":"SVCORP.COM-S-1-5-32-544","PrincipalType":"Group","RightName":"WriteOwner","IsInherited":true},{"PrincipalSID":"SVCORP.COM-S-1-5-32-544","PrincipalType":"Group","RightName":"GenericWrite","IsInherited":true}],"ObjectIdentifier":"S-1-5-21-466546139-763938477-1796994327-1172","IsDeleted":false,"IsACLProtected":false},{"Properties":{"domain":"SVCORP.COM","name":"SVCLIENT73.SVCORP.COM","distinguishedname":"CN=SVCLIENT73,OU=WORKSTATIONS,OU=SVMACHINES,DC=SVCORP,DC=COM","domainsid":"S-1-5-21-466546139-763938477-1796994327","highvalue":false,"samaccountname":"SVCLIENT73$","haslaps":false,"description":null,"whencreated":1551994972,"enabled":true,"unconstraineddelegation":false,"trustedtoauth":false,"lastlogon":1681006300,"lastlogontimestamp":1681005275,"pwdlastset":1681005276,"serviceprincipalnames":["TERMSRV/SVCLIENT73","TERMSRV/svclient73.svcorp.com","RestrictedKrbHost/SVCLIENT73","HOST/SVCLIENT73","RestrictedKrbHost/svclient73.svcorp.com","HOST/svclient73.svcorp.com"],"operatingsystem":"Windows 10 Pro N","sidhistory":[]},"PrimaryGroupSID":"S-1-5-21-466546139-763938477-1796994327-515","AllowedToDelegate":[],"AllowedToAct":[],"HasSIDHistory":[],"Sessions":{"Results":[],"Collected":true,"FailureReason":null},"PrivilegedSessions":{"Results":[],"Collected":false,"FailureReason":"ERROR_ACCESS_DENIED"},"RegistrySessions":{"Results":[],"Collected":false,"FailureReason":"The network path was not found.\r\n"},"LocalAdmins":{"Results":[],"Collected":false,"FailureReason":"SAMRPCServerInit Failed"},"RemoteDesktopUsers":{"Results":[],"Collected":false,"FailureReason":"SAMRPCServerInit Failed"},"DcomUsers":{"Results":[],"Collected":false,"FailureReason":"SAMRPCServerInit Failed"},"PSRemoteUsers":{"Results":[],"Collected":false,"FailureReason":"SAMRPCServerInit Failed"},"Status":null,"Aces":[{"PrincipalSID":"S-1-5-21-466546139-763938477-1796994327-512","PrincipalType":"Group","RightName":"Owns","IsInherited":false},{"PrincipalSID":"SVCORP.COM-S-1-5-32-548","PrincipalType":"Group","RightName":"GenericAll","IsInherited":false},{"PrincipalSID":"S-1-5-21-466546139-763938477-1796994327-512","PrincipalType":"Group","RightName":"GenericAll","IsInherited":false},{"PrincipalSID":"S-1-5-21-466546139-763938477-1796994327-526","PrincipalType":"Group","RightName":"AddKeyCredentialLink","IsInherited":true},{"PrincipalSID":"S-1-5-21-466546139-763938477-1796994327-527","PrincipalType":"Group","RightName":"AddKeyCredentialLink","IsInherited":true},{"PrincipalSID":"S-1-5-21-466546139-763938477-1796994327-519","PrincipalType":"Group","RightName":"GenericAll","IsInherited":true},{"PrincipalSID":"SVCORP.COM-S-1-5-32-544","PrincipalType":"Group","RightName":"WriteDacl","IsInherited":true},{"PrincipalSID":"SVCORP.COM-S-1-5-32-544","PrincipalType":"Group","RightName":"WriteOwner","IsInherited":true},{"PrincipalSID":"SVCORP.COM-S-1-5-32-544","PrincipalType":"Group","RightName":"GenericWrite","IsInherited":true}],"ObjectIdentifier":"S-1-5-21-466546139-763938477-1796994327-1171","IsDeleted":false,"IsACLProtected":false},{"Properties":{"domain":"SVCORP.COM","name":"SV-FILE01.SVCORP.COM","distinguishedname":"CN=SV-FILE01,OU=SERVERS,OU=SVMACHINES,DC=SVCORP,DC=COM","domainsid":"S-1-5-21-466546139-763938477-1796994327","highvalue":false,"samaccountname":"SV-FILE01$","haslaps":false,"description":null,"whencreated":1551992998,"enabled":true,"unconstraineddelegation":false,"trustedtoauth":false,"lastlogon":1681006709,"lastlogontimestamp":1681005173,"pwdlastset":1681005173,"serviceprincipalnames":["TERMSRV/SV-FILE01","TERMSRV/sv-file01.svcorp.com","WSMAN/sv-file01","WSMAN/sv-file01.svcorp.com","RestrictedKrbHost/SV-FILE01","HOST/SV-FILE01","RestrictedKrbHost/sv-file01.svcorp.com","HOST/sv-file01.svcorp.com"],"operatingsystem":"Windows Server 2016 Standard","sidhistory":[]},"PrimaryGroupSID":"S-1-5-21-466546139-763938477-1796994327-515","AllowedToDelegate":[],"AllowedToAct":[],"HasSIDHistory":[],"Sessions":{"Results":[],"Collected":true,"FailureReason":null},"PrivilegedSessions":{"Results":[],"Collected":false,"FailureReason":"ERROR_ACCESS_DENIED"},"RegistrySessions":{"Results":[{"UserSID":"S-1-5-21-466546139-763938477-1796994327-1124","ComputerSID":"S-1-5-21-466546139-763938477-1796994327-1170"}],"Collected":true,"FailureReason":null},"LocalAdmins":{"Results":[],"Collected":false,"FailureReason":"SAMRPCServerInit Failed"},"RemoteDesktopUsers":{"Results":[],"Collected":false,"FailureReason":"SAMRPCServerInit Failed"},"DcomUsers":{"Results":[],"Collected":false,"FailureReason":"SAMRPCServerInit Failed"},"PSRemoteUsers":{"Results":[],"Collected":false,"FailureReason":"SAMRPCServerInit Failed"},"Status":null,"Aces":[{"PrincipalSID":"S-1-5-21-466546139-763938477-1796994327-512","PrincipalType":"Group","RightName":"Owns","IsInherited":false},{"PrincipalSID":"SVCORP.COM-S-1-5-32-548","PrincipalType":"Group","RightName":"GenericAll","IsInherited":false},{"PrincipalSID":"S-1-5-21-466546139-763938477-1796994327-512","PrincipalType":"Group","RightName":"GenericAll","IsInherited":false},{"PrincipalSID":"S-1-5-21-466546139-763938477-1796994327-526","PrincipalType":"Group","RightName":"AddKeyCredentialLink","IsInherited":true},{"PrincipalSID":"S-1-5-21-466546139-763938477-1796994327-527","PrincipalType":"Group","RightName":"AddKeyCredentialLink","IsInherited":true},{"PrincipalSID":"S-1-5-21-466546139-763938477-1796994327-519","PrincipalType":"Group","RightName":"GenericAll","IsInherited":true},{"PrincipalSID":"SVCORP.COM-S-1-5-32-544","PrincipalType":"Group","RightName":"WriteDacl","IsInherited":true},{"PrincipalSID":"SVCORP.COM-S-1-5-32-544","PrincipalType":"Group","RightName":"WriteOwner","IsInherited":true},{"PrincipalSID":"SVCORP.COM-S-1-5-32-544","PrincipalType":"Group","RightName":"GenericWrite","IsInherited":true}],"ObjectIdentifier":"S-1-5-21-466546139-763938477-1796994327-1170","IsDeleted":false,"IsACLProtected":false},{"Properties":{"domain":"SVCORP.COM","name":"SV-DC01.SVCORP.COM","distinguishedname":"CN=SV-DC01,OU=DOMAIN CONTROLLERS,DC=SVCORP,DC=COM","domainsid":"S-1-5-21-466546139-763938477-1796994327","highvalue":false,"samaccountname":"SV-DC01$","haslaps":false,"description":null,"whencreated":1551966296,"enabled":true,"unconstraineddelegation":true,"trustedtoauth":false,"lastlogon":1681005164,"lastlogontimestamp":1681005158,"pwdlastset":1681005158,"serviceprincipalnames":["Dfsr-12F9A27C-BF97-4787-9364-D31B6C55EB04/sv-dc01.svcorp.com","ldap/sv-dc01.svcorp.com/ForestDnsZones.svcorp.com","ldap/sv-dc01.svcorp.com/DomainDnsZones.svcorp.com","TERMSRV/SV-DC01","TERMSRV/sv-dc01.svcorp.com","DNS/sv-dc01.svcorp.com","GC/sv-dc01.svcorp.com/svcorp.com","RestrictedKrbHost/sv-dc01.svcorp.com","RestrictedKrbHost/SV-DC01","RPC/52d8eeda-8402-4da1-a266-8ec0db395673._msdcs.svcorp.com","HOST/SV-DC01/svcorp","HOST/sv-dc01.svcorp.com/svcorp","HOST/SV-DC01","HOST/sv-dc01.svcorp.com","HOST/sv-dc01.svcorp.com/svcorp.com","E3514235-4B06-11D1-AB04-00C04FC2DCD2/52d8eeda-8402-4da1-a266-8ec0db395673/svcorp.com","ldap/SV-DC01/svcorp","ldap/52d8eeda-8402-4da1-a266-8ec0db395673._msdcs.svcorp.com","ldap/sv-dc01.svcorp.com/svcorp","ldap/SV-DC01","ldap/sv-dc01.svcorp.com","ldap/sv-dc01.svcorp.com/svcorp.com"],"operatingsystem":"Windows Server 2019 Standard","sidhistory":[]},"PrimaryGroupSID":"S-1-5-21-466546139-763938477-1796994327-516","AllowedToDelegate":[],"AllowedToAct":[],"HasSIDHistory":[],"Sessions":{"Results":[],"Collected":false,"FailureReason":"ERROR_ACCESS_DENIED"},"PrivilegedSessions":{"Results":[],"Collected":false,"FailureReason":"ERROR_ACCESS_DENIED"},"RegistrySessions":{"Results":[],"Collected":true,"FailureReason":null},"LocalAdmins":{"Results":[{"ObjectIdentifier":"S-1-5-21-466546139-763938477-1796994327-500","ObjectType":"User"},{"ObjectIdentifier":"S-1-5-21-466546139-763938477-1796994327-519","ObjectType":"Group"},{"ObjectIdentifier":"S-1-5-21-466546139-763938477-1796994327-512","ObjectType":"Group"}],"Collected":true,"FailureReason":null},"RemoteDesktopUsers":{"Results":[],"Collected":true,"FailureReason":null},"DcomUsers":{"Results":[],"Collected":true,"FailureReason":null},"PSRemoteUsers":{"Results":[],"Collected":true,"FailureReason":null},"Status":null,"Aces":[{"PrincipalSID":"S-1-5-21-466546139-763938477-1796994327-512","PrincipalType":"Group","RightName":"Owns","IsInherited":false},{"PrincipalSID":"S-1-5-21-466546139-763938477-1796994327-512","PrincipalType":"Group","RightName":"GenericAll","IsInherited":false},{"PrincipalSID":"S-1-5-21-466546139-763938477-1796994327-526","PrincipalType":"Group","RightName":"AddKeyCredentialLink","IsInherited":true},{"PrincipalSID":"S-1-5-21-466546139-763938477-1796994327-527","PrincipalType":"Group","RightName":"AddKeyCredentialLink","IsInherited":true},{"PrincipalSID":"S-1-5-21-466546139-763938477-1796994327-519","PrincipalType":"Group","RightName":"GenericAll","IsInherited":true},{"PrincipalSID":"SVCORP.COM-S-1-5-32-544","PrincipalType":"Group","RightName":"WriteDacl","IsInherited":true},{"PrincipalSID":"SVCORP.COM-S-1-5-32-544","PrincipalType":"Group","RightName":"WriteOwner","IsInherited":true},{"PrincipalSID":"SVCORP.COM-S-1-5-32-544","PrincipalType":"Group","RightName":"GenericWrite","IsInherited":true}],"ObjectIdentifier":"S-1-5-21-466546139-763938477-1796994327-1000","IsDeleted":false,"IsACLProtected":false}],"meta":{"methods":29695,"type":"computers","count":39,"version":5}}