﻿{"data":[{"Properties":{"domain":"XOR.COM","name":"XOR-APP69.XOR.COM","distinguishedname":"CN=XOR-APP69,OU=SERVERS,OU=XORCOMPUTERS,DC=XOR,DC=COM","domainsid":"S-1-5-21-2293535422-227910474-3663383505","highvalue":false,"samaccountname":"xor-app69$","haslaps":false,"description":null,"whencreated":1558357635,"enabled":true,"unconstraineddelegation":false,"trustedtoauth":false,"lastlogon":0,"lastlogontimestamp":-1,"pwdlastset":1558382835,"serviceprincipalnames":[],"operatingsystem":null,"sidhistory":[]},"PrimaryGroupSID":"S-1-5-21-2293535422-227910474-3663383505-515","AllowedToDelegate":[],"AllowedToAct":[],"HasSIDHistory":[],"Sessions":{"Results":[],"Collected":false,"FailureReason":null},"PrivilegedSessions":{"Results":[],"Collected":false,"FailureReason":null},"RegistrySessions":{"Results":[],"Collected":false,"FailureReason":null},"LocalAdmins":{"Results":[],"Collected":false,"FailureReason":null},"RemoteDesktopUsers":{"Results":[],"Collected":false,"FailureReason":null},"DcomUsers":{"Results":[],"Collected":false,"FailureReason":null},"PSRemoteUsers":{"Results":[],"Collected":false,"FailureReason":null},"Status":null,"Aces":[{"PrincipalSID":"S-1-5-21-2293535422-227910474-3663383505-512","PrincipalType":"Group","RightName":"Owns","IsInherited":false},{"PrincipalSID":"XOR.COM-S-1-5-32-548","PrincipalType":"Group","RightName":"GenericAll","IsInherited":false},{"PrincipalSID":"S-1-5-21-2293535422-227910474-3663383505-512","PrincipalType":"Group","RightName":"GenericAll","IsInherited":false},{"PrincipalSID":"S-1-5-21-2293535422-227910474-3663383505-526","PrincipalType":"Group","RightName":"AddKeyCredentialLink","IsInherited":true},{"PrincipalSID":"S-1-5-21-2293535422-227910474-3663383505-527","PrincipalType":"Group","RightName":"AddKeyCredentialLink","IsInherited":true},{"PrincipalSID":"S-1-5-21-2293535422-227910474-3663383505-519","PrincipalType":"Group","RightName":"GenericAll","IsInherited":true},{"PrincipalSID":"XOR.COM-S-1-5-32-544","PrincipalType":"Group","RightName":"WriteDacl","IsInherited":true},{"PrincipalSID":"XOR.COM-S-1-5-32-544","PrincipalType":"Group","RightName":"WriteOwner","IsInherited":true},{"PrincipalSID":"XOR.COM-S-1-5-32-544","PrincipalType":"Group","RightName":"GenericWrite","IsInherited":true}],"ObjectIdentifier":"S-1-5-21-2293535422-227910474-3663383505-1148","IsDeleted":false,"IsACLProtected":false},{"Properties":{"domain":"XOR.COM","name":"XOR-APP64.XOR.COM","distinguishedname":"CN=XOR-APP64,OU=SERVERS,OU=XORCOMPUTERS,DC=XOR,DC=COM","domainsid":"S-1-5-21-2293535422-227910474-3663383505","highvalue":false,"samaccountname":"xor-app64$","haslaps":false,"description":null,"whencreated":1558357635,"enabled":true,"unconstraineddelegation":false,"trustedtoauth":false,"lastlogon":0,"lastlogontimestamp":-1,"pwdlastset":1558382835,"serviceprincipalnames":[],"operatingsystem":null,"sidhistory":[]},"PrimaryGroupSID":"S-1-5-21-2293535422-227910474-3663383505-515","AllowedToDelegate":[],"AllowedToAct":[],"HasSIDHistory":[],"Sessions":{"Results":[],"Collected":false,"FailureReason":null},"PrivilegedSessions":{"Results":[],"Collected":false,"FailureReason":null},"RegistrySessions":{"Results":[],"Collected":false,"FailureReason":null},"LocalAdmins":{"Results":[],"Collected":false,"FailureReason":null},"RemoteDesktopUsers":{"Results":[],"Collected":false,"FailureReason":null},"DcomUsers":{"Results":[],"Collected":false,"FailureReason":null},"PSRemoteUsers":{"Results":[],"Collected":false,"FailureReason":null},"Status":null,"Aces":[{"PrincipalSID":"S-1-5-21-2293535422-227910474-3663383505-512","PrincipalType":"Group","RightName":"Owns","IsInherited":false},{"PrincipalSID":"XOR.COM-S-1-5-32-548","PrincipalType":"Group","RightName":"GenericAll","IsInherited":false},{"PrincipalSID":"S-1-5-21-2293535422-227910474-3663383505-512","PrincipalType":"Group","RightName":"GenericAll","IsInherited":false},{"PrincipalSID":"S-1-5-21-2293535422-227910474-3663383505-526","PrincipalType":"Group","RightName":"AddKeyCredentialLink","IsInherited":true},{"PrincipalSID":"S-1-5-21-2293535422-227910474-3663383505-527","PrincipalType":"Group","RightName":"AddKeyCredentialLink","IsInherited":true},{"PrincipalSID":"S-1-5-21-2293535422-227910474-3663383505-519","PrincipalType":"Group","RightName":"GenericAll","IsInherited":true},{"PrincipalSID":"XOR.COM-S-1-5-32-544","PrincipalType":"Group","RightName":"WriteDacl","IsInherited":true},{"PrincipalSID":"XOR.COM-S-1-5-32-544","PrincipalType":"Group","RightName":"WriteOwner","IsInherited":true},{"PrincipalSID":"XOR.COM-S-1-5-32-544","PrincipalType":"Group","RightName":"GenericWrite","IsInherited":true}],"ObjectIdentifier":"S-1-5-21-2293535422-227910474-3663383505-1149","IsDeleted":false,"IsACLProtected":false},{"Properties":{"domain":"XOR.COM","name":"XORCLIENT01.XOR.COM","distinguishedname":"CN=XORCLIENT01,OU=DESKTOPS,OU=XORCOMPUTERS,DC=XOR,DC=COM","domainsid":"S-1-5-21-2293535422-227910474-3663383505","highvalue":false,"samaccountname":"xorclient01$","haslaps":false,"description":null,"whencreated":1558357635,"enabled":true,"unconstraineddelegation":false,"trustedtoauth":false,"lastlogon":0,"lastlogontimestamp":-1,"pwdlastset":1558382835,"serviceprincipalnames":[],"operatingsystem":null,"sidhistory":[]},"PrimaryGroupSID":"S-1-5-21-2293535422-227910474-3663383505-515","AllowedToDelegate":[],"AllowedToAct":[],"HasSIDHistory":[],"Sessions":{"Results":[],"Collected":false,"FailureReason":null},"PrivilegedSessions":{"Results":[],"Collected":false,"FailureReason":null},"RegistrySessions":{"Results":[],"Collected":false,"FailureReason":null},"LocalAdmins":{"Results":[],"Collected":false,"FailureReason":null},"RemoteDesktopUsers":{"Results":[],"Collected":false,"FailureReason":null},"DcomUsers":{"Results":[],"Collected":false,"FailureReason":null},"PSRemoteUsers":{"Results":[],"Collected":false,"FailureReason":null},"Status":null,"Aces":[{"PrincipalSID":"S-1-5-21-2293535422-227910474-3663383505-512","PrincipalType":"Group","RightName":"Owns","IsInherited":false},{"PrincipalSID":"XOR.COM-S-1-5-32-548","PrincipalType":"Group","RightName":"GenericAll","IsInherited":false},{"PrincipalSID":"S-1-5-21-2293535422-227910474-3663383505-512","PrincipalType":"Group","RightName":"GenericAll","IsInherited":false},{"PrincipalSID":"S-1-5-21-2293535422-227910474-3663383505-526","PrincipalType":"Group","RightName":"AddKeyCredentialLink","IsInherited":true},{"PrincipalSID":"S-1-5-21-2293535422-227910474-3663383505-527","PrincipalType":"Group","RightName":"AddKeyCredentialLink","IsInherited":true},{"PrincipalSID":"S-1-5-21-2293535422-227910474-3663383505-519","PrincipalType":"Group","RightName":"GenericAll","IsInherited":true},{"PrincipalSID":"XOR.COM-S-1-5-32-544","PrincipalType":"Group","RightName":"WriteDacl","IsInherited":true},{"PrincipalSID":"XOR.COM-S-1-5-32-544","PrincipalType":"Group","RightName":"WriteOwner","IsInherited":true},{"PrincipalSID":"XOR.COM-S-1-5-32-544","PrincipalType":"Group","RightName":"GenericWrite","IsInherited":true}],"ObjectIdentifier":"S-1-5-21-2293535422-227910474-3663383505-1150","IsDeleted":false,"IsACLProtected":false},{"Properties":{"domain":"XOR.COM","name":"XORCLIENT04.XOR.COM","distinguishedname":"CN=XORCLIENT04,OU=DESKTOPS,OU=XORCOMPUTERS,DC=XOR,DC=COM","domainsid":"S-1-5-21-2293535422-227910474-3663383505","highvalue":false,"samaccountname":"xorclient04$","haslaps":false,"description":null,"whencreated":1558357635,"enabled":true,"unconstraineddelegation":false,"trustedtoauth":false,"lastlogon":0,"lastlogontimestamp":-1,"pwdlastset":1558382835,"serviceprincipalnames":[],"operatingsystem":null,"sidhistory":[]},"PrimaryGroupSID":"S-1-5-21-2293535422-227910474-3663383505-515","AllowedToDelegate":[],"AllowedToAct":[],"HasSIDHistory":[],"Sessions":{"Results":[],"Collected":false,"FailureReason":null},"PrivilegedSessions":{"Results":[],"Collected":false,"FailureReason":null},"RegistrySessions":{"Results":[],"Collected":false,"FailureReason":null},"LocalAdmins":{"Results":[],"Collected":false,"FailureReason":null},"RemoteDesktopUsers":{"Results":[],"Collected":false,"FailureReason":null},"DcomUsers":{"Results":[],"Collected":false,"FailureReason":null},"PSRemoteUsers":{"Results":[],"Collected":false,"FailureReason":null},"Status":null,"Aces":[{"PrincipalSID":"S-1-5-21-2293535422-227910474-3663383505-512","PrincipalType":"Group","RightName":"Owns","IsInherited":false},{"PrincipalSID":"XOR.COM-S-1-5-32-548","PrincipalType":"Group","RightName":"GenericAll","IsInherited":false},{"PrincipalSID":"S-1-5-21-2293535422-227910474-3663383505-512","PrincipalType":"Group","RightName":"GenericAll","IsInherited":false},{"PrincipalSID":"S-1-5-21-2293535422-227910474-3663383505-526","PrincipalType":"Group","RightName":"AddKeyCredentialLink","IsInherited":true},{"PrincipalSID":"S-1-5-21-2293535422-227910474-3663383505-527","PrincipalType":"Group","RightName":"AddKeyCredentialLink","IsInherited":true},{"PrincipalSID":"S-1-5-21-2293535422-227910474-3663383505-519","PrincipalType":"Group","RightName":"GenericAll","IsInherited":true},{"PrincipalSID":"XOR.COM-S-1-5-32-544","PrincipalType":"Group","RightName":"WriteDacl","IsInherited":true},{"PrincipalSID":"XOR.COM-S-1-5-32-544","PrincipalType":"Group","RightName":"WriteOwner","IsInherited":true},{"PrincipalSID":"XOR.COM-S-1-5-32-544","PrincipalType":"Group","RightName":"GenericWrite","IsInherited":true}],"ObjectIdentifier":"S-1-5-21-2293535422-227910474-3663383505-1151","IsDeleted":false,"IsACLProtected":false},{"Properties":{"domain":"XOR.COM","name":"XORCLIENT09.XOR.COM","distinguishedname":"CN=XORCLIENT09,OU=DESKTOPS,OU=XORCOMPUTERS,DC=XOR,DC=COM","domainsid":"S-1-5-21-2293535422-227910474-3663383505","highvalue":false,"samaccountname":"xorclient09$","haslaps":false,"description":null,"whencreated":1558357635,"enabled":true,"unconstraineddelegation":false,"trustedtoauth":false,"lastlogon":0,"lastlogontimestamp":-1,"pwdlastset":1558382835,"serviceprincipalnames":[],"operatingsystem":null,"sidhistory":[]},"PrimaryGroupSID":"S-1-5-21-2293535422-227910474-3663383505-515","AllowedToDelegate":[],"AllowedToAct":[],"HasSIDHistory":[],"Sessions":{"Results":[],"Collected":false,"FailureReason":null},"PrivilegedSessions":{"Results":[],"Collected":false,"FailureReason":null},"RegistrySessions":{"Results":[],"Collected":false,"FailureReason":null},"LocalAdmins":{"Results":[],"Collected":false,"FailureReason":null},"RemoteDesktopUsers":{"Results":[],"Collected":false,"FailureReason":null},"DcomUsers":{"Results":[],"Collected":false,"FailureReason":null},"PSRemoteUsers":{"Results":[],"Collected":false,"FailureReason":null},"Status":null,"Aces":[{"PrincipalSID":"S-1-5-21-2293535422-227910474-3663383505-512","PrincipalType":"Group","RightName":"Owns","IsInherited":false},{"PrincipalSID":"XOR.COM-S-1-5-32-548","PrincipalType":"Group","RightName":"GenericAll","IsInherited":false},{"PrincipalSID":"S-1-5-21-2293535422-227910474-3663383505-512","PrincipalType":"Group","RightName":"GenericAll","IsInherited":false},{"PrincipalSID":"S-1-5-21-2293535422-227910474-3663383505-526","PrincipalType":"Group","RightName":"AddKeyCredentialLink","IsInherited":true},{"PrincipalSID":"S-1-5-21-2293535422-227910474-3663383505-527","PrincipalType":"Group","RightName":"AddKeyCredentialLink","IsInherited":true},{"PrincipalSID":"S-1-5-21-2293535422-227910474-3663383505-519","PrincipalType":"Group","RightName":"GenericAll","IsInherited":true},{"PrincipalSID":"XOR.COM-S-1-5-32-544","PrincipalType":"Group","RightName":"WriteDacl","IsInherited":true},{"PrincipalSID":"XOR.COM-S-1-5-32-544","PrincipalType":"Group","RightName":"WriteOwner","IsInherited":true},{"PrincipalSID":"XOR.COM-S-1-5-32-544","PrincipalType":"Group","RightName":"GenericWrite","IsInherited":true}],"ObjectIdentifier":"S-1-5-21-2293535422-227910474-3663383505-1152","IsDeleted":false,"IsACLProtected":false},{"Properties":{"domain":"XOR.COM","name":"XORCLIENT11.XOR.COM","distinguishedname":"CN=XORCLIENT11,OU=DESKTOPS,OU=XORCOMPUTERS,DC=XOR,DC=COM","domainsid":"S-1-5-21-2293535422-227910474-3663383505","highvalue":false,"samaccountname":"xorclient11$","haslaps":false,"description":null,"whencreated":1558357635,"enabled":true,"unconstraineddelegation":false,"trustedtoauth":false,"lastlogon":0,"lastlogontimestamp":-1,"pwdlastset":1558382835,"serviceprincipalnames":[],"operatingsystem":null,"sidhistory":[]},"PrimaryGroupSID":"S-1-5-21-2293535422-227910474-3663383505-515","AllowedToDelegate":[],"AllowedToAct":[],"HasSIDHistory":[],"Sessions":{"Results":[],"Collected":false,"FailureReason":null},"PrivilegedSessions":{"Results":[],"Collected":false,"FailureReason":null},"RegistrySessions":{"Results":[],"Collected":false,"FailureReason":null},"LocalAdmins":{"Results":[],"Collected":false,"FailureReason":null},"RemoteDesktopUsers":{"Results":[],"Collected":false,"FailureReason":null},"DcomUsers":{"Results":[],"Collected":false,"FailureReason":null},"PSRemoteUsers":{"Results":[],"Collected":false,"FailureReason":null},"Status":null,"Aces":[{"PrincipalSID":"S-1-5-21-2293535422-227910474-3663383505-512","PrincipalType":"Group","RightName":"Owns","IsInherited":false},{"PrincipalSID":"XOR.COM-S-1-5-32-548","PrincipalType":"Group","RightName":"GenericAll","IsInherited":false},{"PrincipalSID":"S-1-5-21-2293535422-227910474-3663383505-512","PrincipalType":"Group","RightName":"GenericAll","IsInherited":false},{"PrincipalSID":"S-1-5-21-2293535422-227910474-3663383505-526","PrincipalType":"Group","RightName":"AddKeyCredentialLink","IsInherited":true},{"PrincipalSID":"S-1-5-21-2293535422-227910474-3663383505-527","PrincipalType":"Group","RightName":"AddKeyCredentialLink","IsInherited":true},{"PrincipalSID":"S-1-5-21-2293535422-227910474-3663383505-519","PrincipalType":"Group","RightName":"GenericAll","IsInherited":true},{"PrincipalSID":"XOR.COM-S-1-5-32-544","PrincipalType":"Group","RightName":"WriteDacl","IsInherited":true},{"PrincipalSID":"XOR.COM-S-1-5-32-544","PrincipalType":"Group","RightName":"WriteOwner","IsInherited":true},{"PrincipalSID":"XOR.COM-S-1-5-32-544","PrincipalType":"Group","RightName":"GenericWrite","IsInherited":true}],"ObjectIdentifier":"S-1-5-21-2293535422-227910474-3663383505-1153","IsDeleted":false,"IsACLProtected":false},{"Properties":{"domain":"XOR.COM","name":"XORCLIENT34.XOR.COM","distinguishedname":"CN=XORCLIENT34,OU=DESKTOPS,OU=XORCOMPUTERS,DC=XOR,DC=COM","domainsid":"S-1-5-21-2293535422-227910474-3663383505","highvalue":false,"samaccountname":"xorclient34$","haslaps":false,"description":null,"whencreated":1558357636,"enabled":true,"unconstraineddelegation":false,"trustedtoauth":false,"lastlogon":0,"lastlogontimestamp":-1,"pwdlastset":1558382836,"serviceprincipalnames":[],"operatingsystem":null,"sidhistory":[]},"PrimaryGroupSID":"S-1-5-21-2293535422-227910474-3663383505-515","AllowedToDelegate":[],"AllowedToAct":[],"HasSIDHistory":[],"Sessions":{"Results":[],"Collected":false,"FailureReason":null},"PrivilegedSessions":{"Results":[],"Collected":false,"FailureReason":null},"RegistrySessions":{"Results":[],"Collected":false,"FailureReason":null},"LocalAdmins":{"Results":[],"Collected":false,"FailureReason":null},"RemoteDesktopUsers":{"Results":[],"Collected":false,"FailureReason":null},"DcomUsers":{"Results":[],"Collected":false,"FailureReason":null},"PSRemoteUsers":{"Results":[],"Collected":false,"FailureReason":null},"Status":null,"Aces":[{"PrincipalSID":"S-1-5-21-2293535422-227910474-3663383505-512","PrincipalType":"Group","RightName":"Owns","IsInherited":false},{"PrincipalSID":"XOR.COM-S-1-5-32-548","PrincipalType":"Group","RightName":"GenericAll","IsInherited":false},{"PrincipalSID":"S-1-5-21-2293535422-227910474-3663383505-512","PrincipalType":"Group","RightName":"GenericAll","IsInherited":false},{"PrincipalSID":"S-1-5-21-2293535422-227910474-3663383505-526","PrincipalType":"Group","RightName":"AddKeyCredentialLink","IsInherited":true},{"PrincipalSID":"S-1-5-21-2293535422-227910474-3663383505-527","PrincipalType":"Group","RightName":"AddKeyCredentialLink","IsInherited":true},{"PrincipalSID":"S-1-5-21-2293535422-227910474-3663383505-519","PrincipalType":"Group","RightName":"GenericAll","IsInherited":true},{"PrincipalSID":"XOR.COM-S-1-5-32-544","PrincipalType":"Group","RightName":"WriteDacl","IsInherited":true},{"PrincipalSID":"XOR.COM-S-1-5-32-544","PrincipalType":"Group","RightName":"WriteOwner","IsInherited":true},{"PrincipalSID":"XOR.COM-S-1-5-32-544","PrincipalType":"Group","RightName":"GenericWrite","IsInherited":true}],"ObjectIdentifier":"S-1-5-21-2293535422-227910474-3663383505-1154","IsDeleted":false,"IsACLProtected":false},{"Properties":{"domain":"XOR.COM","name":"XORCLIENT22.XOR.COM","distinguishedname":"CN=XORCLIENT22,OU=DESKTOPS,OU=XORCOMPUTERS,DC=XOR,DC=COM","domainsid":"S-1-5-21-2293535422-227910474-3663383505","highvalue":false,"samaccountname":"xorclient22$","haslaps":false,"description":null,"whencreated":1558357636,"enabled":true,"unconstraineddelegation":false,"trustedtoauth":false,"lastlogon":0,"lastlogontimestamp":-1,"pwdlastset":1558382836,"serviceprincipalnames":[],"operatingsystem":null,"sidhistory":[]},"PrimaryGroupSID":"S-1-5-21-2293535422-227910474-3663383505-515","AllowedToDelegate":[],"AllowedToAct":[],"HasSIDHistory":[],"Sessions":{"Results":[],"Collected":false,"FailureReason":null},"PrivilegedSessions":{"Results":[],"Collected":false,"FailureReason":null},"RegistrySessions":{"Results":[],"Collected":false,"FailureReason":null},"LocalAdmins":{"Results":[],"Collected":false,"FailureReason":null},"RemoteDesktopUsers":{"Results":[],"Collected":false,"FailureReason":null},"DcomUsers":{"Results":[],"Collected":false,"FailureReason":null},"PSRemoteUsers":{"Results":[],"Collected":false,"FailureReason":null},"Status":null,"Aces":[{"PrincipalSID":"S-1-5-21-2293535422-227910474-3663383505-512","PrincipalType":"Group","RightName":"Owns","IsInherited":false},{"PrincipalSID":"XOR.COM-S-1-5-32-548","PrincipalType":"Group","RightName":"GenericAll","IsInherited":false},{"PrincipalSID":"S-1-5-21-2293535422-227910474-3663383505-512","PrincipalType":"Group","RightName":"GenericAll","IsInherited":false},{"PrincipalSID":"S-1-5-21-2293535422-227910474-3663383505-526","PrincipalType":"Group","RightName":"AddKeyCredentialLink","IsInherited":true},{"PrincipalSID":"S-1-5-21-2293535422-227910474-3663383505-527","PrincipalType":"Group","RightName":"AddKeyCredentialLink","IsInherited":true},{"PrincipalSID":"S-1-5-21-2293535422-227910474-3663383505-519","PrincipalType":"Group","RightName":"GenericAll","IsInherited":true},{"PrincipalSID":"XOR.COM-S-1-5-32-544","PrincipalType":"Group","RightName":"WriteDacl","IsInherited":true},{"PrincipalSID":"XOR.COM-S-1-5-32-544","PrincipalType":"Group","RightName":"WriteOwner","IsInherited":true},{"PrincipalSID":"XOR.COM-S-1-5-32-544","PrincipalType":"Group","RightName":"GenericWrite","IsInherited":true}],"ObjectIdentifier":"S-1-5-21-2293535422-227910474-3663383505-1155","IsDeleted":false,"IsACLProtected":false},{"Properties":{"domain":"XOR.COM","name":"XORCLIENT56.XOR.COM","distinguishedname":"CN=XORCLIENT56,OU=DESKTOPS,OU=XORCOMPUTERS,DC=XOR,DC=COM","domainsid":"S-1-5-21-2293535422-227910474-3663383505","highvalue":false,"samaccountname":"xorclient56$","haslaps":false,"description":null,"whencreated":1558357636,"enabled":true,"unconstraineddelegation":false,"trustedtoauth":false,"lastlogon":0,"lastlogontimestamp":-1,"pwdlastset":1558382836,"serviceprincipalnames":[],"operatingsystem":null,"sidhistory":[]},"PrimaryGroupSID":"S-1-5-21-2293535422-227910474-3663383505-515","AllowedToDelegate":[],"AllowedToAct":[],"HasSIDHistory":[],"Sessions":{"Results":[],"Collected":false,"FailureReason":null},"PrivilegedSessions":{"Results":[],"Collected":false,"FailureReason":null},"RegistrySessions":{"Results":[],"Collected":false,"FailureReason":null},"LocalAdmins":{"Results":[],"Collected":false,"FailureReason":null},"RemoteDesktopUsers":{"Results":[],"Collected":false,"FailureReason":null},"DcomUsers":{"Results":[],"Collected":false,"FailureReason":null},"PSRemoteUsers":{"Results":[],"Collected":false,"FailureReason":null},"Status":null,"Aces":[{"PrincipalSID":"S-1-5-21-2293535422-227910474-3663383505-512","PrincipalType":"Group","RightName":"Owns","IsInherited":false},{"PrincipalSID":"XOR.COM-S-1-5-32-548","PrincipalType":"Group","RightName":"GenericAll","IsInherited":false},{"PrincipalSID":"S-1-5-21-2293535422-227910474-3663383505-512","PrincipalType":"Group","RightName":"GenericAll","IsInherited":false},{"PrincipalSID":"S-1-5-21-2293535422-227910474-3663383505-526","PrincipalType":"Group","RightName":"AddKeyCredentialLink","IsInherited":true},{"PrincipalSID":"S-1-5-21-2293535422-227910474-3663383505-527","PrincipalType":"Group","RightName":"AddKeyCredentialLink","IsInherited":true},{"PrincipalSID":"S-1-5-21-2293535422-227910474-3663383505-519","PrincipalType":"Group","RightName":"GenericAll","IsInherited":true},{"PrincipalSID":"XOR.COM-S-1-5-32-544","PrincipalType":"Group","RightName":"WriteDacl","IsInherited":true},{"PrincipalSID":"XOR.COM-S-1-5-32-544","PrincipalType":"Group","RightName":"WriteOwner","IsInherited":true},{"PrincipalSID":"XOR.COM-S-1-5-32-544","PrincipalType":"Group","RightName":"GenericWrite","IsInherited":true}],"ObjectIdentifier":"S-1-5-21-2293535422-227910474-3663383505-1156","IsDeleted":false,"IsACLProtected":false},{"Properties":{"domain":"XOR.COM","name":"XORCLIENT90.XOR.COM","distinguishedname":"CN=XORCLIENT90,OU=DESKTOPS,OU=XORCOMPUTERS,DC=XOR,DC=COM","domainsid":"S-1-5-21-2293535422-227910474-3663383505","highvalue":false,"samaccountname":"xorclient90$","haslaps":false,"description":null,"whencreated":1558357636,"enabled":true,"unconstraineddelegation":false,"trustedtoauth":false,"lastlogon":0,"lastlogontimestamp":-1,"pwdlastset":1558382836,"serviceprincipalnames":[],"operatingsystem":null,"sidhistory":[]},"PrimaryGroupSID":"S-1-5-21-2293535422-227910474-3663383505-515","AllowedToDelegate":[],"AllowedToAct":[],"HasSIDHistory":[],"Sessions":{"Results":[],"Collected":false,"FailureReason":null},"PrivilegedSessions":{"Results":[],"Collected":false,"FailureReason":null},"RegistrySessions":{"Results":[],"Collected":false,"FailureReason":null},"LocalAdmins":{"Results":[],"Collected":false,"FailureReason":null},"RemoteDesktopUsers":{"Results":[],"Collected":false,"FailureReason":null},"DcomUsers":{"Results":[],"Collected":false,"FailureReason":null},"PSRemoteUsers":{"Results":[],"Collected":false,"FailureReason":null},"Status":null,"Aces":[{"PrincipalSID":"S-1-5-21-2293535422-227910474-3663383505-512","PrincipalType":"Group","RightName":"Owns","IsInherited":false},{"PrincipalSID":"XOR.COM-S-1-5-32-548","PrincipalType":"Group","RightName":"GenericAll","IsInherited":false},{"PrincipalSID":"S-1-5-21-2293535422-227910474-3663383505-512","PrincipalType":"Group","RightName":"GenericAll","IsInherited":false},{"PrincipalSID":"S-1-5-21-2293535422-227910474-3663383505-526","PrincipalType":"Group","RightName":"AddKeyCredentialLink","IsInherited":true},{"PrincipalSID":"S-1-5-21-2293535422-227910474-3663383505-527","PrincipalType":"Group","RightName":"AddKeyCredentialLink","IsInherited":true},{"PrincipalSID":"S-1-5-21-2293535422-227910474-3663383505-519","PrincipalType":"Group","RightName":"GenericAll","IsInherited":true},{"PrincipalSID":"XOR.COM-S-1-5-32-544","PrincipalType":"Group","RightName":"WriteDacl","IsInherited":true},{"PrincipalSID":"XOR.COM-S-1-5-32-544","PrincipalType":"Group","RightName":"WriteOwner","IsInherited":true},{"PrincipalSID":"XOR.COM-S-1-5-32-544","PrincipalType":"Group","RightName":"GenericWrite","IsInherited":true}],"ObjectIdentifier":"S-1-5-21-2293535422-227910474-3663383505-1157","IsDeleted":false,"IsACLProtected":false},{"Properties":{"domain":"XOR.COM","name":"XORCLIENT27.XOR.COM","distinguishedname":"CN=XORCLIENT27,OU=DESKTOPS,OU=XORCOMPUTERS,DC=XOR,DC=COM","domainsid":"S-1-5-21-2293535422-227910474-3663383505","highvalue":false,"samaccountname":"xorclient27$","haslaps":false,"description":null,"whencreated":1558357636,"enabled":true,"unconstraineddelegation":false,"trustedtoauth":false,"lastlogon":0,"lastlogontimestamp":-1,"pwdlastset":1558382836,"serviceprincipalnames":[],"operatingsystem":null,"sidhistory":[]},"PrimaryGroupSID":"S-1-5-21-2293535422-227910474-3663383505-515","AllowedToDelegate":[],"AllowedToAct":[],"HasSIDHistory":[],"Sessions":{"Results":[],"Collected":false,"FailureReason":null},"PrivilegedSessions":{"Results":[],"Collected":false,"FailureReason":null},"RegistrySessions":{"Results":[],"Collected":false,"FailureReason":null},"LocalAdmins":{"Results":[],"Collected":false,"FailureReason":null},"RemoteDesktopUsers":{"Results":[],"Collected":false,"FailureReason":null},"DcomUsers":{"Results":[],"Collected":false,"FailureReason":null},"PSRemoteUsers":{"Results":[],"Collected":false,"FailureReason":null},"Status":null,"Aces":[{"PrincipalSID":"S-1-5-21-2293535422-227910474-3663383505-512","PrincipalType":"Group","RightName":"Owns","IsInherited":false},{"PrincipalSID":"XOR.COM-S-1-5-32-548","PrincipalType":"Group","RightName":"GenericAll","IsInherited":false},{"PrincipalSID":"S-1-5-21-2293535422-227910474-3663383505-512","PrincipalType":"Group","RightName":"GenericAll","IsInherited":false},{"PrincipalSID":"S-1-5-21-2293535422-227910474-3663383505-526","PrincipalType":"Group","RightName":"AddKeyCredentialLink","IsInherited":true},{"PrincipalSID":"S-1-5-21-2293535422-227910474-3663383505-527","PrincipalType":"Group","RightName":"AddKeyCredentialLink","IsInherited":true},{"PrincipalSID":"S-1-5-21-2293535422-227910474-3663383505-519","PrincipalType":"Group","RightName":"GenericAll","IsInherited":true},{"PrincipalSID":"XOR.COM-S-1-5-32-544","PrincipalType":"Group","RightName":"WriteDacl","IsInherited":true},{"PrincipalSID":"XOR.COM-S-1-5-32-544","PrincipalType":"Group","RightName":"WriteOwner","IsInherited":true},{"PrincipalSID":"XOR.COM-S-1-5-32-544","PrincipalType":"Group","RightName":"GenericWrite","IsInherited":true}],"ObjectIdentifier":"S-1-5-21-2293535422-227910474-3663383505-1158","IsDeleted":false,"IsACLProtected":false},{"Properties":{"domain":"XOR.COM","name":"XORCLIENT47.XOR.COM","distinguishedname":"CN=XORCLIENT47,OU=DESKTOPS,OU=XORCOMPUTERS,DC=XOR,DC=COM","domainsid":"S-1-5-21-2293535422-227910474-3663383505","highvalue":false,"samaccountname":"xorclient47$","haslaps":false,"description":null,"whencreated":1558357636,"enabled":true,"unconstraineddelegation":false,"trustedtoauth":false,"lastlogon":0,"lastlogontimestamp":-1,"pwdlastset":1558382836,"serviceprincipalnames":[],"operatingsystem":null,"sidhistory":[]},"PrimaryGroupSID":"S-1-5-21-2293535422-227910474-3663383505-515","AllowedToDelegate":[],"AllowedToAct":[],"HasSIDHistory":[],"Sessions":{"Results":[],"Collected":false,"FailureReason":null},"PrivilegedSessions":{"Results":[],"Collected":false,"FailureReason":null},"RegistrySessions":{"Results":[],"Collected":false,"FailureReason":null},"LocalAdmins":{"Results":[],"Collected":false,"FailureReason":null},"RemoteDesktopUsers":{"Results":[],"Collected":false,"FailureReason":null},"DcomUsers":{"Results":[],"Collected":false,"FailureReason":null},"PSRemoteUsers":{"Results":[],"Collected":false,"FailureReason":null},"Status":null,"Aces":[{"PrincipalSID":"S-1-5-21-2293535422-227910474-3663383505-512","PrincipalType":"Group","RightName":"Owns","IsInherited":false},{"PrincipalSID":"XOR.COM-S-1-5-32-548","PrincipalType":"Group","RightName":"GenericAll","IsInherited":false},{"PrincipalSID":"S-1-5-21-2293535422-227910474-3663383505-512","PrincipalType":"Group","RightName":"GenericAll","IsInherited":false},{"PrincipalSID":"S-1-5-21-2293535422-227910474-3663383505-526","PrincipalType":"Group","RightName":"AddKeyCredentialLink","IsInherited":true},{"PrincipalSID":"S-1-5-21-2293535422-227910474-3663383505-527","PrincipalType":"Group","RightName":"AddKeyCredentialLink","IsInherited":true},{"PrincipalSID":"S-1-5-21-2293535422-227910474-3663383505-519","PrincipalType":"Group","RightName":"GenericAll","IsInherited":true},{"PrincipalSID":"XOR.COM-S-1-5-32-544","PrincipalType":"Group","RightName":"WriteDacl","IsInherited":true},{"PrincipalSID":"XOR.COM-S-1-5-32-544","PrincipalType":"Group","RightName":"WriteOwner","IsInherited":true},{"PrincipalSID":"XOR.COM-S-1-5-32-544","PrincipalType":"Group","RightName":"GenericWrite","IsInherited":true}],"ObjectIdentifier":"S-1-5-21-2293535422-227910474-3663383505-1159","IsDeleted":false,"IsACLProtected":false},{"Properties":{"domain":"XOR.COM","name":"XORCLIENT41.XOR.COM","distinguishedname":"CN=XORCLIENT41,OU=DESKTOPS,OU=XORCOMPUTERS,DC=XOR,DC=COM","domainsid":"S-1-5-21-2293535422-227910474-3663383505","highvalue":false,"samaccountname":"xorclient41$","haslaps":false,"description":null,"whencreated":1558357636,"enabled":true,"unconstraineddelegation":false,"trustedtoauth":false,"lastlogon":0,"lastlogontimestamp":-1,"pwdlastset":1558382836,"serviceprincipalnames":[],"operatingsystem":null,"sidhistory":[]},"PrimaryGroupSID":"S-1-5-21-2293535422-227910474-3663383505-515","AllowedToDelegate":[],"AllowedToAct":[],"HasSIDHistory":[],"Sessions":{"Results":[],"Collected":false,"FailureReason":null},"PrivilegedSessions":{"Results":[],"Collected":false,"FailureReason":null},"RegistrySessions":{"Results":[],"Collected":false,"FailureReason":null},"LocalAdmins":{"Results":[],"Collected":false,"FailureReason":null},"RemoteDesktopUsers":{"Results":[],"Collected":false,"FailureReason":null},"DcomUsers":{"Results":[],"Collected":false,"FailureReason":null},"PSRemoteUsers":{"Results":[],"Collected":false,"FailureReason":null},"Status":null,"Aces":[{"PrincipalSID":"S-1-5-21-2293535422-227910474-3663383505-512","PrincipalType":"Group","RightName":"Owns","IsInherited":false},{"PrincipalSID":"XOR.COM-S-1-5-32-548","PrincipalType":"Group","RightName":"GenericAll","IsInherited":false},{"PrincipalSID":"S-1-5-21-2293535422-227910474-3663383505-512","PrincipalType":"Group","RightName":"GenericAll","IsInherited":false},{"PrincipalSID":"S-1-5-21-2293535422-227910474-3663383505-526","PrincipalType":"Group","RightName":"AddKeyCredentialLink","IsInherited":true},{"PrincipalSID":"S-1-5-21-2293535422-227910474-3663383505-527","PrincipalType":"Group","RightName":"AddKeyCredentialLink","IsInherited":true},{"PrincipalSID":"S-1-5-21-2293535422-227910474-3663383505-519","PrincipalType":"Group","RightName":"GenericAll","IsInherited":true},{"PrincipalSID":"XOR.COM-S-1-5-32-544","PrincipalType":"Group","RightName":"WriteDacl","IsInherited":true},{"PrincipalSID":"XOR.COM-S-1-5-32-544","PrincipalType":"Group","RightName":"WriteOwner","IsInherited":true},{"PrincipalSID":"XOR.COM-S-1-5-32-544","PrincipalType":"Group","RightName":"GenericWrite","IsInherited":true}],"ObjectIdentifier":"S-1-5-21-2293535422-227910474-3663383505-1160","IsDeleted":false,"IsACLProtected":false},{"Properties":{"domain":"XOR.COM","name":"XORCLIENT42.XOR.COM","distinguishedname":"CN=XORCLIENT42,OU=DESKTOPS,OU=XORCOMPUTERS,DC=XOR,DC=COM","domainsid":"S-1-5-21-2293535422-227910474-3663383505","highvalue":false,"samaccountname":"xorclient42$","haslaps":false,"description":null,"whencreated":1558357636,"enabled":true,"unconstraineddelegation":false,"trustedtoauth":false,"lastlogon":0,"lastlogontimestamp":-1,"pwdlastset":1558382836,"serviceprincipalnames":[],"operatingsystem":null,"sidhistory":[]},"PrimaryGroupSID":"S-1-5-21-2293535422-227910474-3663383505-515","AllowedToDelegate":[],"AllowedToAct":[],"HasSIDHistory":[],"Sessions":{"Results":[],"Collected":false,"FailureReason":null},"PrivilegedSessions":{"Results":[],"Collected":false,"FailureReason":null},"RegistrySessions":{"Results":[],"Collected":false,"FailureReason":null},"LocalAdmins":{"Results":[],"Collected":false,"FailureReason":null},"RemoteDesktopUsers":{"Results":[],"Collected":false,"FailureReason":null},"DcomUsers":{"Results":[],"Collected":false,"FailureReason":null},"PSRemoteUsers":{"Results":[],"Collected":false,"FailureReason":null},"Status":null,"Aces":[{"PrincipalSID":"S-1-5-21-2293535422-227910474-3663383505-512","PrincipalType":"Group","RightName":"Owns","IsInherited":false},{"PrincipalSID":"XOR.COM-S-1-5-32-548","PrincipalType":"Group","RightName":"GenericAll","IsInherited":false},{"PrincipalSID":"S-1-5-21-2293535422-227910474-3663383505-512","PrincipalType":"Group","RightName":"GenericAll","IsInherited":false},{"PrincipalSID":"S-1-5-21-2293535422-227910474-3663383505-526","PrincipalType":"Group","RightName":"AddKeyCredentialLink","IsInherited":true},{"PrincipalSID":"S-1-5-21-2293535422-227910474-3663383505-527","PrincipalType":"Group","RightName":"AddKeyCredentialLink","IsInherited":true},{"PrincipalSID":"S-1-5-21-2293535422-227910474-3663383505-519","PrincipalType":"Group","RightName":"GenericAll","IsInherited":true},{"PrincipalSID":"XOR.COM-S-1-5-32-544","PrincipalType":"Group","RightName":"WriteDacl","IsInherited":true},{"PrincipalSID":"XOR.COM-S-1-5-32-544","PrincipalType":"Group","RightName":"WriteOwner","IsInherited":true},{"PrincipalSID":"XOR.COM-S-1-5-32-544","PrincipalType":"Group","RightName":"GenericWrite","IsInherited":true}],"ObjectIdentifier":"S-1-5-21-2293535422-227910474-3663383505-1161","IsDeleted":false,"IsACLProtected":false},{"Properties":{"domain":"XOR.COM","name":"XORCLIENT43.XOR.COM","distinguishedname":"CN=XORCLIENT43,OU=DESKTOPS,OU=XORCOMPUTERS,DC=XOR,DC=COM","domainsid":"S-1-5-21-2293535422-227910474-3663383505","highvalue":false,"samaccountname":"xorclient43$","haslaps":false,"description":null,"whencreated":1558357636,"enabled":true,"unconstraineddelegation":false,"trustedtoauth":false,"lastlogon":0,"lastlogontimestamp":-1,"pwdlastset":1558382836,"serviceprincipalnames":[],"operatingsystem":null,"sidhistory":[]},"PrimaryGroupSID":"S-1-5-21-2293535422-227910474-3663383505-515","AllowedToDelegate":[],"AllowedToAct":[],"HasSIDHistory":[],"Sessions":{"Results":[],"Collected":false,"FailureReason":null},"PrivilegedSessions":{"Results":[],"Collected":false,"FailureReason":null},"RegistrySessions":{"Results":[],"Collected":false,"FailureReason":null},"LocalAdmins":{"Results":[],"Collected":false,"FailureReason":null},"RemoteDesktopUsers":{"Results":[],"Collected":false,"FailureReason":null},"DcomUsers":{"Results":[],"Collected":false,"FailureReason":null},"PSRemoteUsers":{"Results":[],"Collected":false,"FailureReason":null},"Status":null,"Aces":[{"PrincipalSID":"S-1-5-21-2293535422-227910474-3663383505-512","PrincipalType":"Group","RightName":"Owns","IsInherited":false},{"PrincipalSID":"XOR.COM-S-1-5-32-548","PrincipalType":"Group","RightName":"GenericAll","IsInherited":false},{"PrincipalSID":"S-1-5-21-2293535422-227910474-3663383505-512","PrincipalType":"Group","RightName":"GenericAll","IsInherited":false},{"PrincipalSID":"S-1-5-21-2293535422-227910474-3663383505-526","PrincipalType":"Group","RightName":"AddKeyCredentialLink","IsInherited":true},{"PrincipalSID":"S-1-5-21-2293535422-227910474-3663383505-527","PrincipalType":"Group","RightName":"AddKeyCredentialLink","IsInherited":true},{"PrincipalSID":"S-1-5-21-2293535422-227910474-3663383505-519","PrincipalType":"Group","RightName":"GenericAll","IsInherited":true},{"PrincipalSID":"XOR.COM-S-1-5-32-544","PrincipalType":"Group","RightName":"WriteDacl","IsInherited":true},{"PrincipalSID":"XOR.COM-S-1-5-32-544","PrincipalType":"Group","RightName":"WriteOwner","IsInherited":true},{"PrincipalSID":"XOR.COM-S-1-5-32-544","PrincipalType":"Group","RightName":"GenericWrite","IsInherited":true}],"ObjectIdentifier":"S-1-5-21-2293535422-227910474-3663383505-1162","IsDeleted":false,"IsACLProtected":false},{"Properties":{"domain":"XOR.COM","name":"XORCLIENT44.XOR.COM","distinguishedname":"CN=XORCLIENT44,OU=DESKTOPS,OU=XORCOMPUTERS,DC=XOR,DC=COM","domainsid":"S-1-5-21-2293535422-227910474-3663383505","highvalue":false,"samaccountname":"xorclient44$","haslaps":false,"description":null,"whencreated":1558357636,"enabled":true,"unconstraineddelegation":false,"trustedtoauth":false,"lastlogon":0,"lastlogontimestamp":-1,"pwdlastset":1558382836,"serviceprincipalnames":[],"operatingsystem":null,"sidhistory":[]},"PrimaryGroupSID":"S-1-5-21-2293535422-227910474-3663383505-515","AllowedToDelegate":[],"AllowedToAct":[],"HasSIDHistory":[],"Sessions":{"Results":[],"Collected":false,"FailureReason":null},"PrivilegedSessions":{"Results":[],"Collected":false,"FailureReason":null},"RegistrySessions":{"Results":[],"Collected":false,"FailureReason":null},"LocalAdmins":{"Results":[],"Collected":false,"FailureReason":null},"RemoteDesktopUsers":{"Results":[],"Collected":false,"FailureReason":null},"DcomUsers":{"Results":[],"Collected":false,"FailureReason":null},"PSRemoteUsers":{"Results":[],"Collected":false,"FailureReason":null},"Status":null,"Aces":[{"PrincipalSID":"S-1-5-21-2293535422-227910474-3663383505-512","PrincipalType":"Group","RightName":"Owns","IsInherited":false},{"PrincipalSID":"XOR.COM-S-1-5-32-548","PrincipalType":"Group","RightName":"GenericAll","IsInherited":false},{"PrincipalSID":"S-1-5-21-2293535422-227910474-3663383505-512","PrincipalType":"Group","RightName":"GenericAll","IsInherited":false},{"PrincipalSID":"S-1-5-21-2293535422-227910474-3663383505-526","PrincipalType":"Group","RightName":"AddKeyCredentialLink","IsInherited":true},{"PrincipalSID":"S-1-5-21-2293535422-227910474-3663383505-527","PrincipalType":"Group","RightName":"AddKeyCredentialLink","IsInherited":true},{"PrincipalSID":"S-1-5-21-2293535422-227910474-3663383505-519","PrincipalType":"Group","RightName":"GenericAll","IsInherited":true},{"PrincipalSID":"XOR.COM-S-1-5-32-544","PrincipalType":"Group","RightName":"WriteDacl","IsInherited":true},{"PrincipalSID":"XOR.COM-S-1-5-32-544","PrincipalType":"Group","RightName":"WriteOwner","IsInherited":true},{"PrincipalSID":"XOR.COM-S-1-5-32-544","PrincipalType":"Group","RightName":"GenericWrite","IsInherited":true}],"ObjectIdentifier":"S-1-5-21-2293535422-227910474-3663383505-1163","IsDeleted":false,"IsACLProtected":false},{"Properties":{"domain":"XOR.COM","name":"XORCLIENT02.XOR.COM","distinguishedname":"CN=XORCLIENT02,OU=DESKTOPS,OU=XORCOMPUTERS,DC=XOR,DC=COM","domainsid":"S-1-5-21-2293535422-227910474-3663383505","highvalue":false,"samaccountname":"xorclient02$","haslaps":false,"description":null,"whencreated":1558357637,"enabled":true,"unconstraineddelegation":false,"trustedtoauth":false,"lastlogon":0,"lastlogontimestamp":-1,"pwdlastset":1558382837,"serviceprincipalnames":[],"operatingsystem":null,"sidhistory":[]},"PrimaryGroupSID":"S-1-5-21-2293535422-227910474-3663383505-515","AllowedToDelegate":[],"AllowedToAct":[],"HasSIDHistory":[],"Sessions":{"Results":[],"Collected":false,"FailureReason":null},"PrivilegedSessions":{"Results":[],"Collected":false,"FailureReason":null},"RegistrySessions":{"Results":[],"Collected":false,"FailureReason":null},"LocalAdmins":{"Results":[],"Collected":false,"FailureReason":null},"RemoteDesktopUsers":{"Results":[],"Collected":false,"FailureReason":null},"DcomUsers":{"Results":[],"Collected":false,"FailureReason":null},"PSRemoteUsers":{"Results":[],"Collected":false,"FailureReason":null},"Status":null,"Aces":[{"PrincipalSID":"S-1-5-21-2293535422-227910474-3663383505-512","PrincipalType":"Group","RightName":"Owns","IsInherited":false},{"PrincipalSID":"XOR.COM-S-1-5-32-548","PrincipalType":"Group","RightName":"GenericAll","IsInherited":false},{"PrincipalSID":"S-1-5-21-2293535422-227910474-3663383505-512","PrincipalType":"Group","RightName":"GenericAll","IsInherited":false},{"PrincipalSID":"S-1-5-21-2293535422-227910474-3663383505-526","PrincipalType":"Group","RightName":"AddKeyCredentialLink","IsInherited":true},{"PrincipalSID":"S-1-5-21-2293535422-227910474-3663383505-527","PrincipalType":"Group","RightName":"AddKeyCredentialLink","IsInherited":true},{"PrincipalSID":"S-1-5-21-2293535422-227910474-3663383505-519","PrincipalType":"Group","RightName":"GenericAll","IsInherited":true},{"PrincipalSID":"XOR.COM-S-1-5-32-544","PrincipalType":"Group","RightName":"WriteDacl","IsInherited":true},{"PrincipalSID":"XOR.COM-S-1-5-32-544","PrincipalType":"Group","RightName":"WriteOwner","IsInherited":true},{"PrincipalSID":"XOR.COM-S-1-5-32-544","PrincipalType":"Group","RightName":"GenericWrite","IsInherited":true}],"ObjectIdentifier":"S-1-5-21-2293535422-227910474-3663383505-1164","IsDeleted":false,"IsACLProtected":false},{"Properties":{"domain":"XOR.COM","name":"XORCLIENT03.XOR.COM","distinguishedname":"CN=XORCLIENT03,OU=DESKTOPS,OU=XORCOMPUTERS,DC=XOR,DC=COM","domainsid":"S-1-5-21-2293535422-227910474-3663383505","highvalue":false,"samaccountname":"xorclient03$","haslaps":false,"description":null,"whencreated":1558357637,"enabled":true,"unconstraineddelegation":false,"trustedtoauth":false,"lastlogon":0,"lastlogontimestamp":-1,"pwdlastset":1558382837,"serviceprincipalnames":[],"operatingsystem":null,"sidhistory":[]},"PrimaryGroupSID":"S-1-5-21-2293535422-227910474-3663383505-515","AllowedToDelegate":[],"AllowedToAct":[],"HasSIDHistory":[],"Sessions":{"Results":[],"Collected":false,"FailureReason":null},"PrivilegedSessions":{"Results":[],"Collected":false,"FailureReason":null},"RegistrySessions":{"Results":[],"Collected":false,"FailureReason":null},"LocalAdmins":{"Results":[],"Collected":false,"FailureReason":null},"RemoteDesktopUsers":{"Results":[],"Collected":false,"FailureReason":null},"DcomUsers":{"Results":[],"Collected":false,"FailureReason":null},"PSRemoteUsers":{"Results":[],"Collected":false,"FailureReason":null},"Status":null,"Aces":[{"PrincipalSID":"S-1-5-21-2293535422-227910474-3663383505-512","PrincipalType":"Group","RightName":"Owns","IsInherited":false},{"PrincipalSID":"XOR.COM-S-1-5-32-548","PrincipalType":"Group","RightName":"GenericAll","IsInherited":false},{"PrincipalSID":"S-1-5-21-2293535422-227910474-3663383505-512","PrincipalType":"Group","RightName":"GenericAll","IsInherited":false},{"PrincipalSID":"S-1-5-21-2293535422-227910474-3663383505-526","PrincipalType":"Group","RightName":"AddKeyCredentialLink","IsInherited":true},{"PrincipalSID":"S-1-5-21-2293535422-227910474-3663383505-527","PrincipalType":"Group","RightName":"AddKeyCredentialLink","IsInherited":true},{"PrincipalSID":"S-1-5-21-2293535422-227910474-3663383505-519","PrincipalType":"Group","RightName":"GenericAll","IsInherited":true},{"PrincipalSID":"XOR.COM-S-1-5-32-544","PrincipalType":"Group","RightName":"WriteDacl","IsInherited":true},{"PrincipalSID":"XOR.COM-S-1-5-32-544","PrincipalType":"Group","RightName":"WriteOwner","IsInherited":true},{"PrincipalSID":"XOR.COM-S-1-5-32-544","PrincipalType":"Group","RightName":"GenericWrite","IsInherited":true}],"ObjectIdentifier":"S-1-5-21-2293535422-227910474-3663383505-1165","IsDeleted":false,"IsACLProtected":false},{"Properties":{"domain":"XOR.COM","name":"XORCLIENT12.XOR.COM","distinguishedname":"CN=XORCLIENT12,OU=DESKTOPS,OU=XORCOMPUTERS,DC=XOR,DC=COM","domainsid":"S-1-5-21-2293535422-227910474-3663383505","highvalue":false,"samaccountname":"xorclient12$","haslaps":false,"description":null,"whencreated":1558357637,"enabled":true,"unconstraineddelegation":false,"trustedtoauth":false,"lastlogon":0,"lastlogontimestamp":-1,"pwdlastset":1558382837,"serviceprincipalnames":[],"operatingsystem":null,"sidhistory":[]},"PrimaryGroupSID":"S-1-5-21-2293535422-227910474-3663383505-515","AllowedToDelegate":[],"AllowedToAct":[],"HasSIDHistory":[],"Sessions":{"Results":[],"Collected":false,"FailureReason":null},"PrivilegedSessions":{"Results":[],"Collected":false,"FailureReason":null},"RegistrySessions":{"Results":[],"Collected":false,"FailureReason":null},"LocalAdmins":{"Results":[],"Collected":false,"FailureReason":null},"RemoteDesktopUsers":{"Results":[],"Collected":false,"FailureReason":null},"DcomUsers":{"Results":[],"Collected":false,"FailureReason":null},"PSRemoteUsers":{"Results":[],"Collected":false,"FailureReason":null},"Status":null,"Aces":[{"PrincipalSID":"S-1-5-21-2293535422-227910474-3663383505-512","PrincipalType":"Group","RightName":"Owns","IsInherited":false},{"PrincipalSID":"XOR.COM-S-1-5-32-548","PrincipalType":"Group","RightName":"GenericAll","IsInherited":false},{"PrincipalSID":"S-1-5-21-2293535422-227910474-3663383505-512","PrincipalType":"Group","RightName":"GenericAll","IsInherited":false},{"PrincipalSID":"S-1-5-21-2293535422-227910474-3663383505-526","PrincipalType":"Group","RightName":"AddKeyCredentialLink","IsInherited":true},{"PrincipalSID":"S-1-5-21-2293535422-227910474-3663383505-527","PrincipalType":"Group","RightName":"AddKeyCredentialLink","IsInherited":true},{"PrincipalSID":"S-1-5-21-2293535422-227910474-3663383505-519","PrincipalType":"Group","RightName":"GenericAll","IsInherited":true},{"PrincipalSID":"XOR.COM-S-1-5-32-544","PrincipalType":"Group","RightName":"WriteDacl","IsInherited":true},{"PrincipalSID":"XOR.COM-S-1-5-32-544","PrincipalType":"Group","RightName":"WriteOwner","IsInherited":true},{"PrincipalSID":"XOR.COM-S-1-5-32-544","PrincipalType":"Group","RightName":"GenericWrite","IsInherited":true}],"ObjectIdentifier":"S-1-5-21-2293535422-227910474-3663383505-1166","IsDeleted":false,"IsACLProtected":false},{"Properties":{"domain":"XOR.COM","name":"XORCLIENT13.XOR.COM","distinguishedname":"CN=XORCLIENT13,OU=DESKTOPS,OU=XORCOMPUTERS,DC=XOR,DC=COM","domainsid":"S-1-5-21-2293535422-227910474-3663383505","highvalue":false,"samaccountname":"xorclient13$","haslaps":false,"description":null,"whencreated":1558357637,"enabled":true,"unconstraineddelegation":false,"trustedtoauth":false,"lastlogon":0,"lastlogontimestamp":-1,"pwdlastset":1558382837,"serviceprincipalnames":[],"operatingsystem":null,"sidhistory":[]},"PrimaryGroupSID":"S-1-5-21-2293535422-227910474-3663383505-515","AllowedToDelegate":[],"AllowedToAct":[],"HasSIDHistory":[],"Sessions":{"Results":[],"Collected":false,"FailureReason":null},"PrivilegedSessions":{"Results":[],"Collected":false,"FailureReason":null},"RegistrySessions":{"Results":[],"Collected":false,"FailureReason":null},"LocalAdmins":{"Results":[],"Collected":false,"FailureReason":null},"RemoteDesktopUsers":{"Results":[],"Collected":false,"FailureReason":null},"DcomUsers":{"Results":[],"Collected":false,"FailureReason":null},"PSRemoteUsers":{"Results":[],"Collected":false,"FailureReason":null},"Status":null,"Aces":[{"PrincipalSID":"S-1-5-21-2293535422-227910474-3663383505-512","PrincipalType":"Group","RightName":"Owns","IsInherited":false},{"PrincipalSID":"XOR.COM-S-1-5-32-548","PrincipalType":"Group","RightName":"GenericAll","IsInherited":false},{"PrincipalSID":"S-1-5-21-2293535422-227910474-3663383505-512","PrincipalType":"Group","RightName":"GenericAll","IsInherited":false},{"PrincipalSID":"S-1-5-21-2293535422-227910474-3663383505-526","PrincipalType":"Group","RightName":"AddKeyCredentialLink","IsInherited":true},{"PrincipalSID":"S-1-5-21-2293535422-227910474-3663383505-527","PrincipalType":"Group","RightName":"AddKeyCredentialLink","IsInherited":true},{"PrincipalSID":"S-1-5-21-2293535422-227910474-3663383505-519","PrincipalType":"Group","RightName":"GenericAll","IsInherited":true},{"PrincipalSID":"XOR.COM-S-1-5-32-544","PrincipalType":"Group","RightName":"WriteDacl","IsInherited":true},{"PrincipalSID":"XOR.COM-S-1-5-32-544","PrincipalType":"Group","RightName":"WriteOwner","IsInherited":true},{"PrincipalSID":"XOR.COM-S-1-5-32-544","PrincipalType":"Group","RightName":"GenericWrite","IsInherited":true}],"ObjectIdentifier":"S-1-5-21-2293535422-227910474-3663383505-1167","IsDeleted":false,"IsACLProtected":false},{"Properties":{"domain":"XOR.COM","name":"XORCLIENT14.XOR.COM","distinguishedname":"CN=XORCLIENT14,OU=DESKTOPS,OU=XORCOMPUTERS,DC=XOR,DC=COM","domainsid":"S-1-5-21-2293535422-227910474-3663383505","highvalue":false,"samaccountname":"xorclient14$","haslaps":false,"description":null,"whencreated":1558357637,"enabled":true,"unconstraineddelegation":false,"trustedtoauth":false,"lastlogon":0,"lastlogontimestamp":-1,"pwdlastset":1558382837,"serviceprincipalnames":[],"operatingsystem":null,"sidhistory":[]},"PrimaryGroupSID":"S-1-5-21-2293535422-227910474-3663383505-515","AllowedToDelegate":[],"AllowedToAct":[],"HasSIDHistory":[],"Sessions":{"Results":[],"Collected":false,"FailureReason":null},"PrivilegedSessions":{"Results":[],"Collected":false,"FailureReason":null},"RegistrySessions":{"Results":[],"Collected":false,"FailureReason":null},"LocalAdmins":{"Results":[],"Collected":false,"FailureReason":null},"RemoteDesktopUsers":{"Results":[],"Collected":false,"FailureReason":null},"DcomUsers":{"Results":[],"Collected":false,"FailureReason":null},"PSRemoteUsers":{"Results":[],"Collected":false,"FailureReason":null},"Status":null,"Aces":[{"PrincipalSID":"S-1-5-21-2293535422-227910474-3663383505-512","PrincipalType":"Group","RightName":"Owns","IsInherited":false},{"PrincipalSID":"XOR.COM-S-1-5-32-548","PrincipalType":"Group","RightName":"GenericAll","IsInherited":false},{"PrincipalSID":"S-1-5-21-2293535422-227910474-3663383505-512","PrincipalType":"Group","RightName":"GenericAll","IsInherited":false},{"PrincipalSID":"S-1-5-21-2293535422-227910474-3663383505-526","PrincipalType":"Group","RightName":"AddKeyCredentialLink","IsInherited":true},{"PrincipalSID":"S-1-5-21-2293535422-227910474-3663383505-527","PrincipalType":"Group","RightName":"AddKeyCredentialLink","IsInherited":true},{"PrincipalSID":"S-1-5-21-2293535422-227910474-3663383505-519","PrincipalType":"Group","RightName":"GenericAll","IsInherited":true},{"PrincipalSID":"XOR.COM-S-1-5-32-544","PrincipalType":"Group","RightName":"WriteDacl","IsInherited":true},{"PrincipalSID":"XOR.COM-S-1-5-32-544","PrincipalType":"Group","RightName":"WriteOwner","IsInherited":true},{"PrincipalSID":"XOR.COM-S-1-5-32-544","PrincipalType":"Group","RightName":"GenericWrite","IsInherited":true}],"ObjectIdentifier":"S-1-5-21-2293535422-227910474-3663383505-1168","IsDeleted":false,"IsACLProtected":false},{"Properties":{"domain":"XOR.COM","name":"XORCLIENT15.XOR.COM","distinguishedname":"CN=XORCLIENT15,OU=DESKTOPS,OU=XORCOMPUTERS,DC=XOR,DC=COM","domainsid":"S-1-5-21-2293535422-227910474-3663383505","highvalue":false,"samaccountname":"xorclient15$","haslaps":false,"description":null,"whencreated":1558357637,"enabled":true,"unconstraineddelegation":false,"trustedtoauth":false,"lastlogon":0,"lastlogontimestamp":-1,"pwdlastset":1558382837,"serviceprincipalnames":[],"operatingsystem":null,"sidhistory":[]},"PrimaryGroupSID":"S-1-5-21-2293535422-227910474-3663383505-515","AllowedToDelegate":[],"AllowedToAct":[],"HasSIDHistory":[],"Sessions":{"Results":[],"Collected":false,"FailureReason":null},"PrivilegedSessions":{"Results":[],"Collected":false,"FailureReason":null},"RegistrySessions":{"Results":[],"Collected":false,"FailureReason":null},"LocalAdmins":{"Results":[],"Collected":false,"FailureReason":null},"RemoteDesktopUsers":{"Results":[],"Collected":false,"FailureReason":null},"DcomUsers":{"Results":[],"Collected":false,"FailureReason":null},"PSRemoteUsers":{"Results":[],"Collected":false,"FailureReason":null},"Status":null,"Aces":[{"PrincipalSID":"S-1-5-21-2293535422-227910474-3663383505-512","PrincipalType":"Group","RightName":"Owns","IsInherited":false},{"PrincipalSID":"XOR.COM-S-1-5-32-548","PrincipalType":"Group","RightName":"GenericAll","IsInherited":false},{"PrincipalSID":"S-1-5-21-2293535422-227910474-3663383505-512","PrincipalType":"Group","RightName":"GenericAll","IsInherited":false},{"PrincipalSID":"S-1-5-21-2293535422-227910474-3663383505-526","PrincipalType":"Group","RightName":"AddKeyCredentialLink","IsInherited":true},{"PrincipalSID":"S-1-5-21-2293535422-227910474-3663383505-527","PrincipalType":"Group","RightName":"AddKeyCredentialLink","IsInherited":true},{"PrincipalSID":"S-1-5-21-2293535422-227910474-3663383505-519","PrincipalType":"Group","RightName":"GenericAll","IsInherited":true},{"PrincipalSID":"XOR.COM-S-1-5-32-544","PrincipalType":"Group","RightName":"WriteDacl","IsInherited":true},{"PrincipalSID":"XOR.COM-S-1-5-32-544","PrincipalType":"Group","RightName":"WriteOwner","IsInherited":true},{"PrincipalSID":"XOR.COM-S-1-5-32-544","PrincipalType":"Group","RightName":"GenericWrite","IsInherited":true}],"ObjectIdentifier":"S-1-5-21-2293535422-227910474-3663383505-1169","IsDeleted":false,"IsACLProtected":false},{"Properties":{"domain":"XOR.COM","name":"XOR-APP02.XOR.COM","distinguishedname":"CN=XOR-APP02,OU=SERVERS,OU=XORCOMPUTERS,DC=XOR,DC=COM","domainsid":"S-1-5-21-2293535422-227910474-3663383505","highvalue":false,"samaccountname":"xor-app02$","haslaps":false,"description":null,"whencreated":1558357634,"enabled":true,"unconstraineddelegation":false,"trustedtoauth":false,"lastlogon":0,"lastlogontimestamp":-1,"pwdlastset":1558382834,"serviceprincipalnames":[],"operatingsystem":null,"sidhistory":[]},"PrimaryGroupSID":"S-1-5-21-2293535422-227910474-3663383505-515","AllowedToDelegate":[],"AllowedToAct":[],"HasSIDHistory":[],"Sessions":{"Results":[],"Collected":false,"FailureReason":null},"PrivilegedSessions":{"Results":[],"Collected":false,"FailureReason":null},"RegistrySessions":{"Results":[],"Collected":false,"FailureReason":null},"LocalAdmins":{"Results":[],"Collected":false,"FailureReason":null},"RemoteDesktopUsers":{"Results":[],"Collected":false,"FailureReason":null},"DcomUsers":{"Results":[],"Collected":false,"FailureReason":null},"PSRemoteUsers":{"Results":[],"Collected":false,"FailureReason":null},"Status":null,"Aces":[{"PrincipalSID":"S-1-5-21-2293535422-227910474-3663383505-512","PrincipalType":"Group","RightName":"Owns","IsInherited":false},{"PrincipalSID":"XOR.COM-S-1-5-32-548","PrincipalType":"Group","RightName":"GenericAll","IsInherited":false},{"PrincipalSID":"S-1-5-21-2293535422-227910474-3663383505-512","PrincipalType":"Group","RightName":"GenericAll","IsInherited":false},{"PrincipalSID":"S-1-5-21-2293535422-227910474-3663383505-526","PrincipalType":"Group","RightName":"AddKeyCredentialLink","IsInherited":true},{"PrincipalSID":"S-1-5-21-2293535422-227910474-3663383505-527","PrincipalType":"Group","RightName":"AddKeyCredentialLink","IsInherited":true},{"PrincipalSID":"S-1-5-21-2293535422-227910474-3663383505-519","PrincipalType":"Group","RightName":"GenericAll","IsInherited":true},{"PrincipalSID":"XOR.COM-S-1-5-32-544","PrincipalType":"Group","RightName":"WriteDacl","IsInherited":true},{"PrincipalSID":"XOR.COM-S-1-5-32-544","PrincipalType":"Group","RightName":"WriteOwner","IsInherited":true},{"PrincipalSID":"XOR.COM-S-1-5-32-544","PrincipalType":"Group","RightName":"GenericWrite","IsInherited":true}],"ObjectIdentifier":"S-1-5-21-2293535422-227910474-3663383505-1135","IsDeleted":false,"IsACLProtected":false},{"Properties":{"domain":"XOR.COM","name":"XOR-APP43.XOR.COM","distinguishedname":"CN=XOR-APP43,OU=SERVERS,OU=XORCOMPUTERS,DC=XOR,DC=COM","domainsid":"S-1-5-21-2293535422-227910474-3663383505","highvalue":false,"samaccountname":"xor-app43$","haslaps":false,"description":null,"whencreated":1558357634,"enabled":true,"unconstraineddelegation":false,"trustedtoauth":false,"lastlogon":0,"lastlogontimestamp":-1,"pwdlastset":1558382834,"serviceprincipalnames":[],"operatingsystem":null,"sidhistory":[]},"PrimaryGroupSID":"S-1-5-21-2293535422-227910474-3663383505-515","AllowedToDelegate":[],"AllowedToAct":[],"HasSIDHistory":[],"Sessions":{"Results":[],"Collected":false,"FailureReason":null},"PrivilegedSessions":{"Results":[],"Collected":false,"FailureReason":null},"RegistrySessions":{"Results":[],"Collected":false,"FailureReason":null},"LocalAdmins":{"Results":[],"Collected":false,"FailureReason":null},"RemoteDesktopUsers":{"Results":[],"Collected":false,"FailureReason":null},"DcomUsers":{"Results":[],"Collected":false,"FailureReason":null},"PSRemoteUsers":{"Results":[],"Collected":false,"FailureReason":null},"Status":null,"Aces":[{"PrincipalSID":"S-1-5-21-2293535422-227910474-3663383505-512","PrincipalType":"Group","RightName":"Owns","IsInherited":false},{"PrincipalSID":"XOR.COM-S-1-5-32-548","PrincipalType":"Group","RightName":"GenericAll","IsInherited":false},{"PrincipalSID":"S-1-5-21-2293535422-227910474-3663383505-512","PrincipalType":"Group","RightName":"GenericAll","IsInherited":false},{"PrincipalSID":"S-1-5-21-2293535422-227910474-3663383505-526","PrincipalType":"Group","RightName":"AddKeyCredentialLink","IsInherited":true},{"PrincipalSID":"S-1-5-21-2293535422-227910474-3663383505-527","PrincipalType":"Group","RightName":"AddKeyCredentialLink","IsInherited":true},{"PrincipalSID":"S-1-5-21-2293535422-227910474-3663383505-519","PrincipalType":"Group","RightName":"GenericAll","IsInherited":true},{"PrincipalSID":"XOR.COM-S-1-5-32-544","PrincipalType":"Group","RightName":"WriteDacl","IsInherited":true},{"PrincipalSID":"XOR.COM-S-1-5-32-544","PrincipalType":"Group","RightName":"WriteOwner","IsInherited":true},{"PrincipalSID":"XOR.COM-S-1-5-32-544","PrincipalType":"Group","RightName":"GenericWrite","IsInherited":true}],"ObjectIdentifier":"S-1-5-21-2293535422-227910474-3663383505-1143","IsDeleted":false,"IsACLProtected":false},{"Properties":{"domain":"XOR.COM","name":"XOR-APP65.XOR.COM","distinguishedname":"CN=XOR-APP65,OU=SERVERS,OU=XORCOMPUTERS,DC=XOR,DC=COM","domainsid":"S-1-5-21-2293535422-227910474-3663383505","highvalue":false,"samaccountname":"xor-app65$","haslaps":false,"description":null,"whencreated":1558357634,"enabled":true,"unconstraineddelegation":false,"trustedtoauth":false,"lastlogon":0,"lastlogontimestamp":-1,"pwdlastset":1558382834,"serviceprincipalnames":[],"operatingsystem":null,"sidhistory":[]},"PrimaryGroupSID":"S-1-5-21-2293535422-227910474-3663383505-515","AllowedToDelegate":[],"AllowedToAct":[],"HasSIDHistory":[],"Sessions":{"Results":[],"Collected":false,"FailureReason":null},"PrivilegedSessions":{"Results":[],"Collected":false,"FailureReason":null},"RegistrySessions":{"Results":[],"Collected":false,"FailureReason":null},"LocalAdmins":{"Results":[],"Collected":false,"FailureReason":null},"RemoteDesktopUsers":{"Results":[],"Collected":false,"FailureReason":null},"DcomUsers":{"Results":[],"Collected":false,"FailureReason":null},"PSRemoteUsers":{"Results":[],"Collected":false,"FailureReason":null},"Status":null,"Aces":[{"PrincipalSID":"S-1-5-21-2293535422-227910474-3663383505-512","PrincipalType":"Group","RightName":"Owns","IsInherited":false},{"PrincipalSID":"XOR.COM-S-1-5-32-548","PrincipalType":"Group","RightName":"GenericAll","IsInherited":false},{"PrincipalSID":"S-1-5-21-2293535422-227910474-3663383505-512","PrincipalType":"Group","RightName":"GenericAll","IsInherited":false},{"PrincipalSID":"S-1-5-21-2293535422-227910474-3663383505-526","PrincipalType":"Group","RightName":"AddKeyCredentialLink","IsInherited":true},{"PrincipalSID":"S-1-5-21-2293535422-227910474-3663383505-527","PrincipalType":"Group","RightName":"AddKeyCredentialLink","IsInherited":true},{"PrincipalSID":"S-1-5-21-2293535422-227910474-3663383505-519","PrincipalType":"Group","RightName":"GenericAll","IsInherited":true},{"PrincipalSID":"XOR.COM-S-1-5-32-544","PrincipalType":"Group","RightName":"WriteDacl","IsInherited":true},{"PrincipalSID":"XOR.COM-S-1-5-32-544","PrincipalType":"Group","RightName":"WriteOwner","IsInherited":true},{"PrincipalSID":"XOR.COM-S-1-5-32-544","PrincipalType":"Group","RightName":"GenericWrite","IsInherited":true}],"ObjectIdentifier":"S-1-5-21-2293535422-227910474-3663383505-1144","IsDeleted":false,"IsACLProtected":false},{"Properties":{"domain":"XOR.COM","name":"XOR-APP01.XOR.COM","distinguishedname":"CN=XOR-APP01,OU=SERVERS,OU=XORCOMPUTERS,DC=XOR,DC=COM","domainsid":"S-1-5-21-2293535422-227910474-3663383505","highvalue":false,"samaccountname":"xor-app01$","haslaps":false,"description":null,"whencreated":1558357633,"enabled":true,"unconstraineddelegation":false,"trustedtoauth":false,"lastlogon":0,"lastlogontimestamp":-1,"pwdlastset":1558382833,"serviceprincipalnames":[],"operatingsystem":null,"sidhistory":[]},"PrimaryGroupSID":"S-1-5-21-2293535422-227910474-3663383505-515","AllowedToDelegate":[],"AllowedToAct":[],"HasSIDHistory":[],"Sessions":{"Results":[],"Collected":false,"FailureReason":null},"PrivilegedSessions":{"Results":[],"Collected":false,"FailureReason":null},"RegistrySessions":{"Results":[],"Collected":false,"FailureReason":null},"LocalAdmins":{"Results":[],"Collected":false,"FailureReason":null},"RemoteDesktopUsers":{"Results":[],"Collected":false,"FailureReason":null},"DcomUsers":{"Results":[],"Collected":false,"FailureReason":null},"PSRemoteUsers":{"Results":[],"Collected":false,"FailureReason":null},"Status":null,"Aces":[{"PrincipalSID":"S-1-5-21-2293535422-227910474-3663383505-512","PrincipalType":"Group","RightName":"Owns","IsInherited":false},{"PrincipalSID":"XOR.COM-S-1-5-32-548","PrincipalType":"Group","RightName":"GenericAll","IsInherited":false},{"PrincipalSID":"S-1-5-21-2293535422-227910474-3663383505-512","PrincipalType":"Group","RightName":"GenericAll","IsInherited":false},{"PrincipalSID":"S-1-5-21-2293535422-227910474-3663383505-526","PrincipalType":"Group","RightName":"AddKeyCredentialLink","IsInherited":true},{"PrincipalSID":"S-1-5-21-2293535422-227910474-3663383505-527","PrincipalType":"Group","RightName":"AddKeyCredentialLink","IsInherited":true},{"PrincipalSID":"S-1-5-21-2293535422-227910474-3663383505-519","PrincipalType":"Group","RightName":"GenericAll","IsInherited":true},{"PrincipalSID":"XOR.COM-S-1-5-32-544","PrincipalType":"Group","RightName":"WriteDacl","IsInherited":true},{"PrincipalSID":"XOR.COM-S-1-5-32-544","PrincipalType":"Group","RightName":"WriteOwner","IsInherited":true},{"PrincipalSID":"XOR.COM-S-1-5-32-544","PrincipalType":"Group","RightName":"GenericWrite","IsInherited":true}],"ObjectIdentifier":"S-1-5-21-2293535422-227910474-3663383505-1134","IsDeleted":false,"IsACLProtected":false},{"Properties":{"domain":"XOR.COM","name":"XOR-APP61.XOR.COM","distinguishedname":"CN=XOR-APP61,OU=SERVERS,OU=XORCOMPUTERS,DC=XOR,DC=COM","domainsid":"S-1-5-21-2293535422-227910474-3663383505","highvalue":false,"samaccountname":"xor-app61$","haslaps":false,"description":null,"whencreated":1558357634,"enabled":true,"unconstraineddelegation":false,"trustedtoauth":false,"lastlogon":0,"lastlogontimestamp":-1,"pwdlastset":1558382834,"serviceprincipalnames":[],"operatingsystem":null,"sidhistory":[]},"PrimaryGroupSID":"S-1-5-21-2293535422-227910474-3663383505-515","AllowedToDelegate":[],"AllowedToAct":[],"HasSIDHistory":[],"Sessions":{"Results":[],"Collected":false,"FailureReason":null},"PrivilegedSessions":{"Results":[],"Collected":false,"FailureReason":null},"RegistrySessions":{"Results":[],"Collected":false,"FailureReason":null},"LocalAdmins":{"Results":[],"Collected":false,"FailureReason":null},"RemoteDesktopUsers":{"Results":[],"Collected":false,"FailureReason":null},"DcomUsers":{"Results":[],"Collected":false,"FailureReason":null},"PSRemoteUsers":{"Results":[],"Collected":false,"FailureReason":null},"Status":null,"Aces":[{"PrincipalSID":"S-1-5-21-2293535422-227910474-3663383505-512","PrincipalType":"Group","RightName":"Owns","IsInherited":false},{"PrincipalSID":"XOR.COM-S-1-5-32-548","PrincipalType":"Group","RightName":"GenericAll","IsInherited":false},{"PrincipalSID":"S-1-5-21-2293535422-227910474-3663383505-512","PrincipalType":"Group","RightName":"GenericAll","IsInherited":false},{"PrincipalSID":"S-1-5-21-2293535422-227910474-3663383505-526","PrincipalType":"Group","RightName":"AddKeyCredentialLink","IsInherited":true},{"PrincipalSID":"S-1-5-21-2293535422-227910474-3663383505-527","PrincipalType":"Group","RightName":"AddKeyCredentialLink","IsInherited":true},{"PrincipalSID":"S-1-5-21-2293535422-227910474-3663383505-519","PrincipalType":"Group","RightName":"GenericAll","IsInherited":true},{"PrincipalSID":"XOR.COM-S-1-5-32-544","PrincipalType":"Group","RightName":"WriteDacl","IsInherited":true},{"PrincipalSID":"XOR.COM-S-1-5-32-544","PrincipalType":"Group","RightName":"WriteOwner","IsInherited":true},{"PrincipalSID":"XOR.COM-S-1-5-32-544","PrincipalType":"Group","RightName":"GenericWrite","IsInherited":true}],"ObjectIdentifier":"S-1-5-21-2293535422-227910474-3663383505-1139","IsDeleted":false,"IsACLProtected":false},{"Properties":{"domain":"XOR.COM","name":"XOR-APP66.XOR.COM","distinguishedname":"CN=XOR-APP66,OU=SERVERS,OU=XORCOMPUTERS,DC=XOR,DC=COM","domainsid":"S-1-5-21-2293535422-227910474-3663383505","highvalue":false,"samaccountname":"xor-app66$","haslaps":false,"description":null,"whencreated":1558357635,"enabled":true,"unconstraineddelegation":false,"trustedtoauth":false,"lastlogon":0,"lastlogontimestamp":-1,"pwdlastset":1558382835,"serviceprincipalnames":[],"operatingsystem":null,"sidhistory":[]},"PrimaryGroupSID":"S-1-5-21-2293535422-227910474-3663383505-515","AllowedToDelegate":[],"AllowedToAct":[],"HasSIDHistory":[],"Sessions":{"Results":[],"Collected":false,"FailureReason":null},"PrivilegedSessions":{"Results":[],"Collected":false,"FailureReason":null},"RegistrySessions":{"Results":[],"Collected":false,"FailureReason":null},"LocalAdmins":{"Results":[],"Collected":false,"FailureReason":null},"RemoteDesktopUsers":{"Results":[],"Collected":false,"FailureReason":null},"DcomUsers":{"Results":[],"Collected":false,"FailureReason":null},"PSRemoteUsers":{"Results":[],"Collected":false,"FailureReason":null},"Status":null,"Aces":[{"PrincipalSID":"S-1-5-21-2293535422-227910474-3663383505-512","PrincipalType":"Group","RightName":"Owns","IsInherited":false},{"PrincipalSID":"XOR.COM-S-1-5-32-548","PrincipalType":"Group","RightName":"GenericAll","IsInherited":false},{"PrincipalSID":"S-1-5-21-2293535422-227910474-3663383505-512","PrincipalType":"Group","RightName":"GenericAll","IsInherited":false},{"PrincipalSID":"S-1-5-21-2293535422-227910474-3663383505-526","PrincipalType":"Group","RightName":"AddKeyCredentialLink","IsInherited":true},{"PrincipalSID":"S-1-5-21-2293535422-227910474-3663383505-527","PrincipalType":"Group","RightName":"AddKeyCredentialLink","IsInherited":true},{"PrincipalSID":"S-1-5-21-2293535422-227910474-3663383505-519","PrincipalType":"Group","RightName":"GenericAll","IsInherited":true},{"PrincipalSID":"XOR.COM-S-1-5-32-544","PrincipalType":"Group","RightName":"WriteDacl","IsInherited":true},{"PrincipalSID":"XOR.COM-S-1-5-32-544","PrincipalType":"Group","RightName":"WriteOwner","IsInherited":true},{"PrincipalSID":"XOR.COM-S-1-5-32-544","PrincipalType":"Group","RightName":"GenericWrite","IsInherited":true}],"ObjectIdentifier":"S-1-5-21-2293535422-227910474-3663383505-1145","IsDeleted":false,"IsACLProtected":false},{"Properties":{"domain":"XOR.COM","name":"XOR-APP11.XOR.COM","distinguishedname":"CN=XOR-APP11,OU=SERVERS,OU=XORCOMPUTERS,DC=XOR,DC=COM","domainsid":"S-1-5-21-2293535422-227910474-3663383505","highvalue":false,"samaccountname":"xor-app11$","haslaps":false,"description":null,"whencreated":1558357634,"enabled":true,"unconstraineddelegation":false,"trustedtoauth":false,"lastlogon":0,"lastlogontimestamp":-1,"pwdlastset":1558382834,"serviceprincipalnames":[],"operatingsystem":null,"sidhistory":[]},"PrimaryGroupSID":"S-1-5-21-2293535422-227910474-3663383505-515","AllowedToDelegate":[],"AllowedToAct":[],"HasSIDHistory":[],"Sessions":{"Results":[],"Collected":false,"FailureReason":null},"PrivilegedSessions":{"Results":[],"Collected":false,"FailureReason":null},"RegistrySessions":{"Results":[],"Collected":false,"FailureReason":null},"LocalAdmins":{"Results":[],"Collected":false,"FailureReason":null},"RemoteDesktopUsers":{"Results":[],"Collected":false,"FailureReason":null},"DcomUsers":{"Results":[],"Collected":false,"FailureReason":null},"PSRemoteUsers":{"Results":[],"Collected":false,"FailureReason":null},"Status":null,"Aces":[{"PrincipalSID":"S-1-5-21-2293535422-227910474-3663383505-512","PrincipalType":"Group","RightName":"Owns","IsInherited":false},{"PrincipalSID":"XOR.COM-S-1-5-32-548","PrincipalType":"Group","RightName":"GenericAll","IsInherited":false},{"PrincipalSID":"S-1-5-21-2293535422-227910474-3663383505-512","PrincipalType":"Group","RightName":"GenericAll","IsInherited":false},{"PrincipalSID":"S-1-5-21-2293535422-227910474-3663383505-526","PrincipalType":"Group","RightName":"AddKeyCredentialLink","IsInherited":true},{"PrincipalSID":"S-1-5-21-2293535422-227910474-3663383505-527","PrincipalType":"Group","RightName":"AddKeyCredentialLink","IsInherited":true},{"PrincipalSID":"S-1-5-21-2293535422-227910474-3663383505-519","PrincipalType":"Group","RightName":"GenericAll","IsInherited":true},{"PrincipalSID":"XOR.COM-S-1-5-32-544","PrincipalType":"Group","RightName":"WriteDacl","IsInherited":true},{"PrincipalSID":"XOR.COM-S-1-5-32-544","PrincipalType":"Group","RightName":"WriteOwner","IsInherited":true},{"PrincipalSID":"XOR.COM-S-1-5-32-544","PrincipalType":"Group","RightName":"GenericWrite","IsInherited":true}],"ObjectIdentifier":"S-1-5-21-2293535422-227910474-3663383505-1138","IsDeleted":false,"IsACLProtected":false},{"Properties":{"domain":"XOR.COM","name":"XOR-APP67.XOR.COM","distinguishedname":"CN=XOR-APP67,OU=SERVERS,OU=XORCOMPUTERS,DC=XOR,DC=COM","domainsid":"S-1-5-21-2293535422-227910474-3663383505","highvalue":false,"samaccountname":"xor-app67$","haslaps":false,"description":null,"whencreated":1558357635,"enabled":true,"unconstraineddelegation":false,"trustedtoauth":false,"lastlogon":0,"lastlogontimestamp":-1,"pwdlastset":1558382835,"serviceprincipalnames":[],"operatingsystem":null,"sidhistory":[]},"PrimaryGroupSID":"S-1-5-21-2293535422-227910474-3663383505-515","AllowedToDelegate":[],"AllowedToAct":[],"HasSIDHistory":[],"Sessions":{"Results":[],"Collected":false,"FailureReason":null},"PrivilegedSessions":{"Results":[],"Collected":false,"FailureReason":null},"RegistrySessions":{"Results":[],"Collected":false,"FailureReason":null},"LocalAdmins":{"Results":[],"Collected":false,"FailureReason":null},"RemoteDesktopUsers":{"Results":[],"Collected":false,"FailureReason":null},"DcomUsers":{"Results":[],"Collected":false,"FailureReason":null},"PSRemoteUsers":{"Results":[],"Collected":false,"FailureReason":null},"Status":null,"Aces":[{"PrincipalSID":"S-1-5-21-2293535422-227910474-3663383505-512","PrincipalType":"Group","RightName":"Owns","IsInherited":false},{"PrincipalSID":"XOR.COM-S-1-5-32-548","PrincipalType":"Group","RightName":"GenericAll","IsInherited":false},{"PrincipalSID":"S-1-5-21-2293535422-227910474-3663383505-512","PrincipalType":"Group","RightName":"GenericAll","IsInherited":false},{"PrincipalSID":"S-1-5-21-2293535422-227910474-3663383505-526","PrincipalType":"Group","RightName":"AddKeyCredentialLink","IsInherited":true},{"PrincipalSID":"S-1-5-21-2293535422-227910474-3663383505-527","PrincipalType":"Group","RightName":"AddKeyCredentialLink","IsInherited":true},{"PrincipalSID":"S-1-5-21-2293535422-227910474-3663383505-519","PrincipalType":"Group","RightName":"GenericAll","IsInherited":true},{"PrincipalSID":"XOR.COM-S-1-5-32-544","PrincipalType":"Group","RightName":"WriteDacl","IsInherited":true},{"PrincipalSID":"XOR.COM-S-1-5-32-544","PrincipalType":"Group","RightName":"WriteOwner","IsInherited":true},{"PrincipalSID":"XOR.COM-S-1-5-32-544","PrincipalType":"Group","RightName":"GenericWrite","IsInherited":true}],"ObjectIdentifier":"S-1-5-21-2293535422-227910474-3663383505-1146","IsDeleted":false,"IsACLProtected":false},{"Properties":{"domain":"XOR.COM","name":"XOR-APP05.XOR.COM","distinguishedname":"CN=XOR-APP05,OU=SERVERS,OU=XORCOMPUTERS,DC=XOR,DC=COM","domainsid":"S-1-5-21-2293535422-227910474-3663383505","highvalue":false,"samaccountname":"xor-app05$","haslaps":false,"description":null,"whencreated":1558357634,"enabled":true,"unconstraineddelegation":false,"trustedtoauth":false,"lastlogon":0,"lastlogontimestamp":-1,"pwdlastset":1558382834,"serviceprincipalnames":[],"operatingsystem":null,"sidhistory":[]},"PrimaryGroupSID":"S-1-5-21-2293535422-227910474-3663383505-515","AllowedToDelegate":[],"AllowedToAct":[],"HasSIDHistory":[],"Sessions":{"Results":[],"Collected":false,"FailureReason":null},"PrivilegedSessions":{"Results":[],"Collected":false,"FailureReason":null},"RegistrySessions":{"Results":[],"Collected":false,"FailureReason":null},"LocalAdmins":{"Results":[],"Collected":false,"FailureReason":null},"RemoteDesktopUsers":{"Results":[],"Collected":false,"FailureReason":null},"DcomUsers":{"Results":[],"Collected":false,"FailureReason":null},"PSRemoteUsers":{"Results":[],"Collected":false,"FailureReason":null},"Status":null,"Aces":[{"PrincipalSID":"S-1-5-21-2293535422-227910474-3663383505-512","PrincipalType":"Group","RightName":"Owns","IsInherited":false},{"PrincipalSID":"XOR.COM-S-1-5-32-548","PrincipalType":"Group","RightName":"GenericAll","IsInherited":false},{"PrincipalSID":"S-1-5-21-2293535422-227910474-3663383505-512","PrincipalType":"Group","RightName":"GenericAll","IsInherited":false},{"PrincipalSID":"S-1-5-21-2293535422-227910474-3663383505-526","PrincipalType":"Group","RightName":"AddKeyCredentialLink","IsInherited":true},{"PrincipalSID":"S-1-5-21-2293535422-227910474-3663383505-527","PrincipalType":"Group","RightName":"AddKeyCredentialLink","IsInherited":true},{"PrincipalSID":"S-1-5-21-2293535422-227910474-3663383505-519","PrincipalType":"Group","RightName":"GenericAll","IsInherited":true},{"PrincipalSID":"XOR.COM-S-1-5-32-544","PrincipalType":"Group","RightName":"WriteDacl","IsInherited":true},{"PrincipalSID":"XOR.COM-S-1-5-32-544","PrincipalType":"Group","RightName":"WriteOwner","IsInherited":true},{"PrincipalSID":"XOR.COM-S-1-5-32-544","PrincipalType":"Group","RightName":"GenericWrite","IsInherited":true}],"ObjectIdentifier":"S-1-5-21-2293535422-227910474-3663383505-1136","IsDeleted":false,"IsACLProtected":false},{"Properties":{"domain":"XOR.COM","name":"XOR-APP68.XOR.COM","distinguishedname":"CN=XOR-APP68,OU=SERVERS,OU=XORCOMPUTERS,DC=XOR,DC=COM","domainsid":"S-1-5-21-2293535422-227910474-3663383505","highvalue":false,"samaccountname":"xor-app68$","haslaps":false,"description":null,"whencreated":1558357635,"enabled":true,"unconstraineddelegation":false,"trustedtoauth":false,"lastlogon":0,"lastlogontimestamp":-1,"pwdlastset":1558382835,"serviceprincipalnames":[],"operatingsystem":null,"sidhistory":[]},"PrimaryGroupSID":"S-1-5-21-2293535422-227910474-3663383505-515","AllowedToDelegate":[],"AllowedToAct":[],"HasSIDHistory":[],"Sessions":{"Results":[],"Collected":false,"FailureReason":null},"PrivilegedSessions":{"Results":[],"Collected":false,"FailureReason":null},"RegistrySessions":{"Results":[],"Collected":false,"FailureReason":null},"LocalAdmins":{"Results":[],"Collected":false,"FailureReason":null},"RemoteDesktopUsers":{"Results":[],"Collected":false,"FailureReason":null},"DcomUsers":{"Results":[],"Collected":false,"FailureReason":null},"PSRemoteUsers":{"Results":[],"Collected":false,"FailureReason":null},"Status":null,"Aces":[{"PrincipalSID":"S-1-5-21-2293535422-227910474-3663383505-512","PrincipalType":"Group","RightName":"Owns","IsInherited":false},{"PrincipalSID":"XOR.COM-S-1-5-32-548","PrincipalType":"Group","RightName":"GenericAll","IsInherited":false},{"PrincipalSID":"S-1-5-21-2293535422-227910474-3663383505-512","PrincipalType":"Group","RightName":"GenericAll","IsInherited":false},{"PrincipalSID":"S-1-5-21-2293535422-227910474-3663383505-526","PrincipalType":"Group","RightName":"AddKeyCredentialLink","IsInherited":true},{"PrincipalSID":"S-1-5-21-2293535422-227910474-3663383505-527","PrincipalType":"Group","RightName":"AddKeyCredentialLink","IsInherited":true},{"PrincipalSID":"S-1-5-21-2293535422-227910474-3663383505-519","PrincipalType":"Group","RightName":"GenericAll","IsInherited":true},{"PrincipalSID":"XOR.COM-S-1-5-32-544","PrincipalType":"Group","RightName":"WriteDacl","IsInherited":true},{"PrincipalSID":"XOR.COM-S-1-5-32-544","PrincipalType":"Group","RightName":"WriteOwner","IsInherited":true},{"PrincipalSID":"XOR.COM-S-1-5-32-544","PrincipalType":"Group","RightName":"GenericWrite","IsInherited":true}],"ObjectIdentifier":"S-1-5-21-2293535422-227910474-3663383505-1147","IsDeleted":false,"IsACLProtected":false},{"Properties":{"domain":"XOR.COM","name":"XOR-APP09.XOR.COM","distinguishedname":"CN=XOR-APP09,OU=SERVERS,OU=XORCOMPUTERS,DC=XOR,DC=COM","domainsid":"S-1-5-21-2293535422-227910474-3663383505","highvalue":false,"samaccountname":"xor-app09$","haslaps":false,"description":null,"whencreated":1558357634,"enabled":true,"unconstraineddelegation":false,"trustedtoauth":false,"lastlogon":0,"lastlogontimestamp":-1,"pwdlastset":1558382834,"serviceprincipalnames":[],"operatingsystem":null,"sidhistory":[]},"PrimaryGroupSID":"S-1-5-21-2293535422-227910474-3663383505-515","AllowedToDelegate":[],"AllowedToAct":[],"HasSIDHistory":[],"Sessions":{"Results":[],"Collected":false,"FailureReason":null},"PrivilegedSessions":{"Results":[],"Collected":false,"FailureReason":null},"RegistrySessions":{"Results":[],"Collected":false,"FailureReason":null},"LocalAdmins":{"Results":[],"Collected":false,"FailureReason":null},"RemoteDesktopUsers":{"Results":[],"Collected":false,"FailureReason":null},"DcomUsers":{"Results":[],"Collected":false,"FailureReason":null},"PSRemoteUsers":{"Results":[],"Collected":false,"FailureReason":null},"Status":null,"Aces":[{"PrincipalSID":"S-1-5-21-2293535422-227910474-3663383505-512","PrincipalType":"Group","RightName":"Owns","IsInherited":false},{"PrincipalSID":"XOR.COM-S-1-5-32-548","PrincipalType":"Group","RightName":"GenericAll","IsInherited":false},{"PrincipalSID":"S-1-5-21-2293535422-227910474-3663383505-512","PrincipalType":"Group","RightName":"GenericAll","IsInherited":false},{"PrincipalSID":"S-1-5-21-2293535422-227910474-3663383505-526","PrincipalType":"Group","RightName":"AddKeyCredentialLink","IsInherited":true},{"PrincipalSID":"S-1-5-21-2293535422-227910474-3663383505-527","PrincipalType":"Group","RightName":"AddKeyCredentialLink","IsInherited":true},{"PrincipalSID":"S-1-5-21-2293535422-227910474-3663383505-519","PrincipalType":"Group","RightName":"GenericAll","IsInherited":true},{"PrincipalSID":"XOR.COM-S-1-5-32-544","PrincipalType":"Group","RightName":"WriteDacl","IsInherited":true},{"PrincipalSID":"XOR.COM-S-1-5-32-544","PrincipalType":"Group","RightName":"WriteOwner","IsInherited":true},{"PrincipalSID":"XOR.COM-S-1-5-32-544","PrincipalType":"Group","RightName":"GenericWrite","IsInherited":true}],"ObjectIdentifier":"S-1-5-21-2293535422-227910474-3663383505-1141","IsDeleted":false,"IsACLProtected":false},{"Properties":{"domain":"XOR.COM","name":"XOR-APP59.XOR.COM","distinguishedname":"CN=XOR-APP59,OU=SERVERS,OU=XORCOMPUTERS,DC=XOR,DC=COM","domainsid":"S-1-5-21-2293535422-227910474-3663383505","highvalue":false,"samaccountname":"xor-app59$","haslaps":false,"description":null,"whencreated":1558357634,"enabled":true,"unconstraineddelegation":false,"trustedtoauth":false,"lastlogon":1681675691,"lastlogontimestamp":1681670827,"pwdlastset":1681670827,"serviceprincipalnames":["TERMSRV/XOR-APP59","TERMSRV/xor-app59.xor.com","WSMAN/xor-app59","WSMAN/xor-app59.xor.com","RestrictedKrbHost/XOR-APP59","HOST/XOR-APP59","RestrictedKrbHost/xor-app59.xor.com","HOST/xor-app59.xor.com"],"operatingsystem":"Windows Server 2016 Standard","sidhistory":[]},"PrimaryGroupSID":"S-1-5-21-2293535422-227910474-3663383505-515","AllowedToDelegate":[],"AllowedToAct":[],"HasSIDHistory":[],"Sessions":{"Results":[],"Collected":true,"FailureReason":null},"PrivilegedSessions":{"Results":[],"Collected":false,"FailureReason":null},"RegistrySessions":{"Results":[],"Collected":false,"FailureReason":null},"LocalAdmins":{"Results":[{"ObjectIdentifier":"S-1-5-21-2293535422-227910474-3663383505-512","ObjectType":"Group"}],"Collected":true,"FailureReason":null},"RemoteDesktopUsers":{"Results":[],"Collected":true,"FailureReason":null},"DcomUsers":{"Results":[],"Collected":true,"FailureReason":null},"PSRemoteUsers":{"Results":[],"Collected":true,"FailureReason":null},"Status":null,"Aces":[{"PrincipalSID":"S-1-5-21-2293535422-227910474-3663383505-512","PrincipalType":"Group","RightName":"Owns","IsInherited":false},{"PrincipalSID":"XOR.COM-S-1-5-32-548","PrincipalType":"Group","RightName":"GenericAll","IsInherited":false},{"PrincipalSID":"S-1-5-21-2293535422-227910474-3663383505-512","PrincipalType":"Group","RightName":"GenericAll","IsInherited":false},{"PrincipalSID":"S-1-5-21-2293535422-227910474-3663383505-526","PrincipalType":"Group","RightName":"AddKeyCredentialLink","IsInherited":true},{"PrincipalSID":"S-1-5-21-2293535422-227910474-3663383505-527","PrincipalType":"Group","RightName":"AddKeyCredentialLink","IsInherited":true},{"PrincipalSID":"S-1-5-21-2293535422-227910474-3663383505-519","PrincipalType":"Group","RightName":"GenericAll","IsInherited":true},{"PrincipalSID":"XOR.COM-S-1-5-32-544","PrincipalType":"Group","RightName":"WriteDacl","IsInherited":true},{"PrincipalSID":"XOR.COM-S-1-5-32-544","PrincipalType":"Group","RightName":"WriteOwner","IsInherited":true},{"PrincipalSID":"XOR.COM-S-1-5-32-544","PrincipalType":"Group","RightName":"GenericWrite","IsInherited":true}],"ObjectIdentifier":"S-1-5-21-2293535422-227910474-3663383505-1140","IsDeleted":false,"IsACLProtected":false},{"Properties":{"domain":"XOR.COM","name":"XOR-APP23.XOR.COM","distinguishedname":"CN=XOR-APP23,OU=SERVERS,OU=XORCOMPUTERS,DC=XOR,DC=COM","domainsid":"S-1-5-21-2293535422-227910474-3663383505","highvalue":false,"samaccountname":"xor-app23$","haslaps":false,"description":null,"whencreated":1558357634,"enabled":true,"unconstraineddelegation":false,"trustedtoauth":false,"lastlogon":1681676079,"lastlogontimestamp":1681670827,"pwdlastset":1681671727,"serviceprincipalnames":["TERMSRV/XOR-APP23","TERMSRV/xor-app23.xor.com","WSMAN/xor-app23","WSMAN/xor-app23.xor.com","RestrictedKrbHost/XOR-APP23","HOST/XOR-APP23","RestrictedKrbHost/xor-app23.xor.com","HOST/xor-app23.xor.com"],"operatingsystem":"Windows Server 2019 Standard","sidhistory":[]},"PrimaryGroupSID":"S-1-5-21-2293535422-227910474-3663383505-515","AllowedToDelegate":[],"AllowedToAct":[],"HasSIDHistory":[],"Sessions":{"Results":[],"Collected":false,"FailureReason":"ERROR_ACCESS_DENIED"},"PrivilegedSessions":{"Results":[],"Collected":false,"FailureReason":null},"RegistrySessions":{"Results":[],"Collected":false,"FailureReason":null},"LocalAdmins":{"Results":[],"Collected":false,"FailureReason":"SAMRPCServerInit Failed"},"RemoteDesktopUsers":{"Results":[],"Collected":false,"FailureReason":"SAMRPCServerInit Failed"},"DcomUsers":{"Results":[],"Collected":false,"FailureReason":"SAMRPCServerInit Failed"},"PSRemoteUsers":{"Results":[],"Collected":false,"FailureReason":"SAMRPCServerInit Failed"},"Status":null,"Aces":[{"PrincipalSID":"S-1-5-21-2293535422-227910474-3663383505-512","PrincipalType":"Group","RightName":"Owns","IsInherited":false},{"PrincipalSID":"XOR.COM-S-1-5-32-548","PrincipalType":"Group","RightName":"GenericAll","IsInherited":false},{"PrincipalSID":"S-1-5-21-2293535422-227910474-3663383505-512","PrincipalType":"Group","RightName":"GenericAll","IsInherited":false},{"PrincipalSID":"S-1-5-21-2293535422-227910474-3663383505-526","PrincipalType":"Group","RightName":"AddKeyCredentialLink","IsInherited":true},{"PrincipalSID":"S-1-5-21-2293535422-227910474-3663383505-527","PrincipalType":"Group","RightName":"AddKeyCredentialLink","IsInherited":true},{"PrincipalSID":"S-1-5-21-2293535422-227910474-3663383505-519","PrincipalType":"Group","RightName":"GenericAll","IsInherited":true},{"PrincipalSID":"XOR.COM-S-1-5-32-544","PrincipalType":"Group","RightName":"WriteDacl","IsInherited":true},{"PrincipalSID":"XOR.COM-S-1-5-32-544","PrincipalType":"Group","RightName":"WriteOwner","IsInherited":true},{"PrincipalSID":"XOR.COM-S-1-5-32-544","PrincipalType":"Group","RightName":"GenericWrite","IsInherited":true}],"ObjectIdentifier":"S-1-5-21-2293535422-227910474-3663383505-1142","IsDeleted":false,"IsACLProtected":false},{"Properties":{"domain":"XOR.COM","name":"XOR-APP07.XOR.COM","distinguishedname":"CN=XOR-APP07,OU=SERVERS,OU=XORCOMPUTERS,DC=XOR,DC=COM","domainsid":"S-1-5-21-2293535422-227910474-3663383505","highvalue":false,"samaccountname":"xor-app07$","haslaps":false,"description":null,"whencreated":1558357634,"enabled":true,"unconstraineddelegation":false,"trustedtoauth":false,"lastlogon":1681676080,"lastlogontimestamp":1681670828,"pwdlastset":1681671728,"serviceprincipalnames":["TERMSRV/XOR-APP07","TERMSRV/xor-app07.xor.com","WSMAN/xor-app07","WSMAN/xor-app07.xor.com","RestrictedKrbHost/XOR-APP07","HOST/XOR-APP07","RestrictedKrbHost/xor-app07.xor.com","HOST/xor-app07.xor.com"],"operatingsystem":"Windows Server 2019 Standard","sidhistory":[]},"PrimaryGroupSID":"S-1-5-21-2293535422-227910474-3663383505-515","AllowedToDelegate":[],"AllowedToAct":[],"HasSIDHistory":[],"Sessions":{"Results":[],"Collected":false,"FailureReason":"ERROR_ACCESS_DENIED"},"PrivilegedSessions":{"Results":[],"Collected":false,"FailureReason":null},"RegistrySessions":{"Results":[],"Collected":false,"FailureReason":null},"LocalAdmins":{"Results":[],"Collected":false,"FailureReason":"SAMRPCServerInit Failed"},"RemoteDesktopUsers":{"Results":[],"Collected":false,"FailureReason":"SAMRPCServerInit Failed"},"DcomUsers":{"Results":[],"Collected":false,"FailureReason":"SAMRPCServerInit Failed"},"PSRemoteUsers":{"Results":[],"Collected":false,"FailureReason":"SAMRPCServerInit Failed"},"Status":null,"Aces":[{"PrincipalSID":"S-1-5-21-2293535422-227910474-3663383505-512","PrincipalType":"Group","RightName":"Owns","IsInherited":false},{"PrincipalSID":"XOR.COM-S-1-5-32-548","PrincipalType":"Group","RightName":"GenericAll","IsInherited":false},{"PrincipalSID":"S-1-5-21-2293535422-227910474-3663383505-512","PrincipalType":"Group","RightName":"GenericAll","IsInherited":false},{"PrincipalSID":"S-1-5-21-2293535422-227910474-3663383505-526","PrincipalType":"Group","RightName":"AddKeyCredentialLink","IsInherited":true},{"PrincipalSID":"S-1-5-21-2293535422-227910474-3663383505-527","PrincipalType":"Group","RightName":"AddKeyCredentialLink","IsInherited":true},{"PrincipalSID":"S-1-5-21-2293535422-227910474-3663383505-519","PrincipalType":"Group","RightName":"GenericAll","IsInherited":true},{"PrincipalSID":"XOR.COM-S-1-5-32-544","PrincipalType":"Group","RightName":"WriteDacl","IsInherited":true},{"PrincipalSID":"XOR.COM-S-1-5-32-544","PrincipalType":"Group","RightName":"WriteOwner","IsInherited":true},{"PrincipalSID":"XOR.COM-S-1-5-32-544","PrincipalType":"Group","RightName":"GenericWrite","IsInherited":true}],"ObjectIdentifier":"S-1-5-21-2293535422-227910474-3663383505-1137","IsDeleted":false,"IsACLProtected":false},{"Properties":{"domain":"XOR.COM","name":"XOR-DC01.XOR.COM","distinguishedname":"CN=XOR-DC01,OU=DOMAIN CONTROLLERS,DC=XOR,DC=COM","domainsid":"S-1-5-21-2293535422-227910474-3663383505","highvalue":false,"samaccountname":"XOR-DC01$","haslaps":false,"description":null,"whencreated":1558357079,"enabled":true,"unconstraineddelegation":true,"trustedtoauth":false,"lastlogon":1681670820,"lastlogontimestamp":1680790369,"pwdlastset":1680790345,"serviceprincipalnames":["Dfsr-12F9A27C-BF97-4787-9364-D31B6C55EB04/xor-dc01.xor.com","ldap/xor-dc01.xor.com/ForestDnsZones.xor.com","ldap/xor-dc01.xor.com/DomainDnsZones.xor.com","TERMSRV/XOR-DC01","TERMSRV/xor-dc01.xor.com","DNS/xor-dc01.xor.com","GC/xor-dc01.xor.com/xor.com","RestrictedKrbHost/xor-dc01.xor.com","RestrictedKrbHost/XOR-DC01","RPC/3f4052a5-de59-417a-9668-e4024a6692ef._msdcs.xor.com","HOST/XOR-DC01/xor","HOST/xor-dc01.xor.com/xor","HOST/XOR-DC01","HOST/xor-dc01.xor.com","HOST/xor-dc01.xor.com/xor.com","E3514235-4B06-11D1-AB04-00C04FC2DCD2/3f4052a5-de59-417a-9668-e4024a6692ef/xor.com","ldap/XOR-DC01/xor","ldap/3f4052a5-de59-417a-9668-e4024a6692ef._msdcs.xor.com","ldap/xor-dc01.xor.com/xor","ldap/XOR-DC01","ldap/xor-dc01.xor.com","ldap/xor-dc01.xor.com/xor.com"],"operatingsystem":"Windows Server 2019 Standard","sidhistory":[]},"PrimaryGroupSID":"S-1-5-21-2293535422-227910474-3663383505-516","AllowedToDelegate":[],"AllowedToAct":[],"HasSIDHistory":[],"Sessions":{"Results":[],"Collected":false,"FailureReason":"ERROR_ACCESS_DENIED"},"PrivilegedSessions":{"Results":[],"Collected":false,"FailureReason":null},"RegistrySessions":{"Results":[],"Collected":false,"FailureReason":null},"LocalAdmins":{"Results":[{"ObjectIdentifier":"S-1-5-21-2293535422-227910474-3663383505-500","ObjectType":"User"},{"ObjectIdentifier":"S-1-5-21-2293535422-227910474-3663383505-519","ObjectType":"Group"},{"ObjectIdentifier":"S-1-5-21-2293535422-227910474-3663383505-512","ObjectType":"Group"}],"Collected":true,"FailureReason":null},"RemoteDesktopUsers":{"Results":[],"Collected":true,"FailureReason":null},"DcomUsers":{"Results":[],"Collected":true,"FailureReason":null},"PSRemoteUsers":{"Results":[],"Collected":true,"FailureReason":null},"Status":null,"Aces":[{"PrincipalSID":"S-1-5-21-2293535422-227910474-3663383505-512","PrincipalType":"Group","RightName":"Owns","IsInherited":false},{"PrincipalSID":"S-1-5-21-2293535422-227910474-3663383505-512","PrincipalType":"Group","RightName":"GenericAll","IsInherited":false},{"PrincipalSID":"S-1-5-21-2293535422-227910474-3663383505-526","PrincipalType":"Group","RightName":"AddKeyCredentialLink","IsInherited":true},{"PrincipalSID":"S-1-5-21-2293535422-227910474-3663383505-527","PrincipalType":"Group","RightName":"AddKeyCredentialLink","IsInherited":true},{"PrincipalSID":"S-1-5-21-2293535422-227910474-3663383505-519","PrincipalType":"Group","RightName":"GenericAll","IsInherited":true},{"PrincipalSID":"XOR.COM-S-1-5-32-544","PrincipalType":"Group","RightName":"WriteDacl","IsInherited":true},{"PrincipalSID":"XOR.COM-S-1-5-32-544","PrincipalType":"Group","RightName":"WriteOwner","IsInherited":true},{"PrincipalSID":"XOR.COM-S-1-5-32-544","PrincipalType":"Group","RightName":"GenericWrite","IsInherited":true}],"ObjectIdentifier":"S-1-5-21-2293535422-227910474-3663383505-1000","IsDeleted":false,"IsACLProtected":false}],"meta":{"methods":29675,"type":"computers","count":37,"version":5}}