﻿{"data":[{"GPOChanges":{"LocalAdmins":[],"RemoteDesktopUsers":[],"DcomUsers":[],"PSRemoteUsers":[],"AffectedComputers":[]},"Properties":{"domain":"XOR.COM","name":"XOR.COM","distinguishedname":"DC=XOR,DC=COM","domainsid":"S-1-5-21-2293535422-227910474-3663383505","highvalue":true,"description":null,"whencreated":1558356952,"functionallevel":"2016"},"ChildObjects":[{"ObjectIdentifier":"83A3BA7F-101D-401D-BE43-CD32BBCCE5CC","ObjectType":"Container"},{"ObjectIdentifier":"238D034E-A7ED-44D6-8273-C3CD67CFD6DF","ObjectType":"OU"},{"ObjectIdentifier":"58EF7356-9AE0-40E9-9406-14D7B0F608E0","ObjectType":"Container"},{"ObjectIdentifier":"F45848F7-70A7-4B82-8DCE-98527AA571D0","ObjectType":"Container"},{"ObjectIdentifier":"CB68CDCE-9C25-4312-AD40-B31929491564","ObjectType":"Container"},{"ObjectIdentifier":"63C35A73-4E94-43CC-B937-41000BDC8755","ObjectType":"OU"},{"ObjectIdentifier":"A7AFD095-94AB-45D3-A1A4-1F12496CBA5F","ObjectType":"OU"},{"ObjectIdentifier":"4B8B36D0-6922-4606-A389-C93772B8A2A6","ObjectType":"OU"}],"Trusts":[],"Links":[{"IsEnforced":false,"GUID":"6ED6F0A4-D88F-4564-97F0-BE1BFC55AB90"}],"Aces":[{"PrincipalSID":"XOR.COM-S-1-5-32-544","PrincipalType":"Group","RightName":"Owns","IsInherited":false},{"PrincipalSID":"XOR.COM-S-1-5-32-544","PrincipalType":"Group","RightName":"WriteDacl","IsInherited":false},{"PrincipalSID":"XOR.COM-S-1-5-32-544","PrincipalType":"Group","RightName":"WriteOwner","IsInherited":false},{"PrincipalSID":"XOR.COM-S-1-5-32-544","PrincipalType":"Group","RightName":"AllExtendedRights","IsInherited":false},{"PrincipalSID":"S-1-5-21-2293535422-227910474-3663383505-512","PrincipalType":"Group","RightName":"WriteDacl","IsInherited":false},{"PrincipalSID":"S-1-5-21-2293535422-227910474-3663383505-512","PrincipalType":"Group","RightName":"WriteOwner","IsInherited":false},{"PrincipalSID":"S-1-5-21-2293535422-227910474-3663383505-512","PrincipalType":"Group","RightName":"AllExtendedRights","IsInherited":false},{"PrincipalSID":"S-1-5-21-2293535422-227910474-3663383505-519","PrincipalType":"Group","RightName":"GenericAll","IsInherited":false},{"PrincipalSID":"XOR.COM-S-1-5-9","PrincipalType":"Group","RightName":"GetChanges","IsInherited":false},{"PrincipalSID":"XOR.COM-S-1-5-9","PrincipalType":"Group","RightName":"GetChangesInFilteredSet","IsInherited":false},{"PrincipalSID":"XOR.COM-S-1-5-32-544","PrincipalType":"Group","RightName":"GetChangesAll","IsInherited":false},{"PrincipalSID":"XOR.COM-S-1-5-32-544","PrincipalType":"Group","RightName":"GetChanges","IsInherited":false},{"PrincipalSID":"XOR.COM-S-1-5-32-544","PrincipalType":"Group","RightName":"GetChangesInFilteredSet","IsInherited":false},{"PrincipalSID":"S-1-5-21-2293535422-227910474-3663383505-498","PrincipalType":"Group","RightName":"GetChanges","IsInherited":false},{"PrincipalSID":"S-1-5-21-2293535422-227910474-3663383505-516","PrincipalType":"Group","RightName":"GetChangesAll","IsInherited":false}],"ObjectIdentifier":"S-1-5-21-2293535422-227910474-3663383505","IsDeleted":false,"IsACLProtected":false}],"meta":{"methods":29675,"type":"domains","count":1,"version":5}}